Timestamp,Hora,Valor do Microfone
1741901748,21:35:49,60.7
1741901751,21:35:51,61.15385
1741901752,21:35:56,61.95385
1741901757,21:35:57,60.1
1741901758,21:35:59,65.8
1741901759,21:36:00,66.2
1741901760,21:36:00,64.50769
1741901761,21:36:01,61.76923
1741901762,21:36:02,61
1741901763,21:36:04,61.46154
1741901764,21:36:04,61.15385
1741901765,21:36:05,59.2
1741901766,21:36:06,61.09231
1741901767,21:36:08,61
1741901768,21:36:09,60.7
1741901769,21:36:09,58.25
1741901770,21:36:10,61
1741901771,21:36:12,61.15385
1741901772,21:36:13,62.07692
1741901773,21:36:13,59.6
1741901774,21:36:14,61.30769
1741901775,21:36:15,61.27692
1741901776,21:36:17,61.46154
1741901777,21:36:18,61
1741901778,21:36:18,62.07692
1741901779,21:36:19,60.1
1741901780,21:36:20,62.75385
1741901781,21:36:22,61.15385
1741901782,21:36:22,60.4
1741901783,21:36:23,61.27692
1741901784,21:36:24,60.3
1741901785,21:36:26,61.21539
1741901786,21:36:27,61.46154
1741901787,21:36:27,61
1741901788,21:36:28,62.90769
1741901789,21:36:29,61.46154
1741901790,21:36:30,60.7
1742569071,14:57:53,73.625
1742569073,14:57:53,73.225
1742569074,14:57:54,73.1
1742569075,14:57:56,73.85
1742569076,14:57:56,80
1742569077,14:57:57,73.875
1742569078,14:57:58,73.35
1742569079,14:58:00,73.925
1742569080,14:58:00,73.175
1742569081,14:58:01,73.375
1742569082,14:58:02,72.725
1742569083,14:58:04,73.025
1742569084,14:58:04,80
1742569085,14:58:05,72.175
1742569086,14:58:06,72.5
1742569087,14:58:08,72.075
1742569088,14:58:09,71.725
1742569089,14:58:09,71.725
1742569090,14:58:10,71.7
1742569091,14:58:11,72.5
1742569092,14:58:13,72.05
1742569093,14:58:13,71.7
1742569094,14:58:14,71.675
1742569095,14:58:15,71.7
1742569096,14:58:17,72.35
1742569097,14:58:18,71.325
1742569098,14:58:18,71.25
1742569099,14:58:19,71.325
1742569100,14:58:21,71.7
1742569101,14:58:22,71.525
1742569102,14:58:22,72.525
1742569103,14:58:23,71.475
1742569104,14:58:24,71.7
1742569105,14:58:26,80
1742569106,14:58:26,77.3
1742569107,Desconhecido,71.65
1742573721,16:15:23,73.375
1742573723,16:15:24,76.85
1742573724,16:15:25,72.5
1742573726,16:15:26,67.54
1742573727,16:15:27,78.55
1742573728,16:15:28,75.175
1742573729,16:15:30,65.8
1742573730,16:15:31,70.975
1742573732,16:15:32,74
1742573733,16:15:33,76.75
1742573734,16:15:34,67.78
1742573735,16:15:35,67.66
1742573736,16:15:36,69.82
1742573737,16:15:37,75.725
1742573738,16:15:38,68.1
1742573739,16:15:39,75.7
1742573740,16:15:40,59.5
1742573741,16:15:42,67.52
1742573742,16:15:43,67.06
1742573743,16:15:44,77.45
1742573745,16:15:45,77.9
1742573746,16:15:46,80
1742573747,16:15:47,70.6
1742573748,16:15:48,66.12
1742573749,16:15:49,73.375
1742573750,16:15:50,76.525
1742573751,16:15:51,67.16
1742573752,16:15:52,80
1742573753,16:15:53,61
1742573754,16:15:54,77.95
1742573755,16:15:55,77.175
1742573756,16:15:56,60.1
1742573757,16:15:58,78.525
1742573758,16:15:59,69.32
1742573759,16:16:00,69.86
1742573760,16:16:01,64.04615
1742573761,16:16:02,72.275
1742573762,16:16:03,80
1742573763,16:16:04,74.95
1742573764,16:16:05,75.175
1742573765,16:16:06,75.925
1742573767,16:16:07,69.42
1742573768,16:16:08,65.94
1742573769,16:16:09,76.95
1742573770,16:16:10,67.9
1742573771,16:16:11,63.61538
1742573772,16:16:13,70.175
1742573773,16:16:14,71.15
1742573774,16:16:15,67.22
1742573775,16:16:16,78.625
1742573776,16:16:17,68.22
1742573777,16:16:18,69.84
1742573778,16:16:19,71.3
1742573780,16:16:20,71.6
1742573781,16:16:21,73.45
1742573782,16:16:22,71.7
1742573783,16:16:23,76.925
1742573784,16:16:24,74.9
1742573785,16:16:25,73.175
1742573786,16:16:26,67.58
1742573787,16:16:27,70.05
1742573788,16:16:29,79.55
1742573789,16:16:30,68.08
1742573790,16:16:31,78.8
1742573791,16:16:32,77.275
1742573792,16:16:33,77.025
1742573793,16:16:34,70.35
1742573794,16:16:35,74.6
1742573795,16:16:36,68.8
1742573796,16:16:37,72.525
1742573797,16:16:38,80
1742573798,16:16:39,63.36923
1742573799,16:16:40,62.87692
1742573800,16:16:41,74.55
1742573801,16:16:42,69.44
1742573802,16:16:43,69.02
1742573803,16:16:44,80
1742573805,16:16:45,65.6
1742573806,16:16:46,80
1742573807,16:16:47,63.46154
1742573808,16:16:49,66.16
1742573809,16:16:50,63.12308
1742573810,16:16:51,79.425
1742573812,16:16:52,72.5
1742573813,16:16:53,62.29231
1742573814,16:16:54,69.1
1742573815,16:16:55,69.48
1742573816,16:16:56,69.02
1742573817,16:16:57,62.32308
1742573818,16:16:58,79.6
1742573819,16:16:59,64.2923
1742573820,16:17:00,80
1742573821,16:17:01,70.1
1742573822,16:17:03,71.15
1742573823,16:17:04,80
1742573824,16:17:05,77.475
1742573825,16:17:06,62.07692
1742573826,16:17:07,66.44
1742573827,16:17:08,80
1742573828,16:17:09,67.58
1742573829,16:17:10,74.9
1742573831,16:17:11,66.52
1742573832,16:17:12,65.66
1742573833,16:17:13,75.7
1742573834,16:17:14,75.475
1742573835,16:17:16,80
1742573836,16:17:17,79.45
1742573837,16:17:18,64.2923
1742573838,16:17:19,74.15
1742573840,16:17:20,78.15
1742573841,16:17:21,78.425
1742573842,16:17:23,73.025
1742573843,16:17:24,72.5
1742573844,16:17:25,74.1
1742573845,16:17:26,77.625
1742573846,16:17:27,71.45
1742573847,16:17:27,80
1742573848,16:17:29,80
1742573850,16:17:30,71.975
1742573851,16:17:32,76.1
1742573852,16:17:33,69.1
1742573854,16:17:34,76.175
1742573855,16:17:35,68.12
1742573856,16:17:36,68.04
1742573857,16:17:37,73.225
1742573858,16:17:38,76.05
1742573859,16:17:39,74.125
1742573860,16:17:40,62.56923
1742573861,16:17:41,69.18
1742573862,16:17:42,76.5
1742573863,16:17:43,77.6
1742573864,16:17:44,64.96923
1742573865,16:17:45,79.65
1742573866,16:17:46,68.5
1742573867,16:17:47,66.82
1742573868,16:17:48,70.25
1742573869,16:17:49,67.56
1742573870,16:17:50,63.98462
1742573871,16:17:51,79.875
1742573872,16:17:52,78.55
1742573873,16:17:53,67.1
1742573874,16:17:54,80
1742573875,16:17:55,73.3
1742573876,16:17:56,80
1742573877,16:17:57,67.3
1742573878,16:17:58,80
1742573879,16:18:00,72.1
1742573880,16:18:01,63.61538
1742573881,16:18:02,80
1742573883,16:18:03,64.93846
1742573884,16:18:04,79.325
1742573885,16:18:05,79.775
1742573886,16:18:06,80
1742573887,16:18:07,78.375
1742573888,16:18:08,76.45
1742573889,16:18:09,80
1742573890,16:18:10,73.85
1742573891,16:18:11,80
1742573892,16:18:12,77.65
1742573893,16:18:13,76.9
1742573894,16:18:14,76.475
1742573895,16:18:15,74.975
1742573896,16:18:16,78.375
1742573897,16:18:17,71.925
1742573898,16:18:18,76.125
1742573899,16:18:19,80
1742573900,16:18:20,69.8
1742573901,16:18:22,68.88
1742573903,16:18:23,72.625
1742573904,16:18:24,65.34
1742573905,16:18:27,72.025
1742573907,16:18:28,77.725
1742573908,16:18:29,79.075
1742573909,16:18:30,78.1
1742573910,16:18:31,76.725
1742573911,16:18:32,68.16
1742573912,16:18:33,67.22
1742573913,16:18:34,80
1742573914,16:18:35,75.925
1742573915,16:18:36,60.4
1742573916,16:18:37,76.225
1742573917,16:18:38,78.825
1742573918,16:18:39,78.85
1742573919,16:18:40,80
1742573921,16:18:41,73.875
1742573922,16:18:42,80
1742573923,16:18:43,75.675
1742573924,16:18:44,76.5
1742573925,16:18:45,59.4
1742573926,16:18:47,71.175
1742573927,16:18:48,70.4
1742573928,16:18:49,80
1742573929,16:18:50,79.85
1742573930,16:18:51,78.85
1742573931,16:18:52,77.125
1742573932,16:18:53,74.55
1742573933,16:18:54,74.025
1742573934,16:18:55,80
1742573935,16:18:56,68.26
1742573936,16:18:57,80
1742573938,16:18:58,72.825
1742573939,16:18:59,70.225
1742573940,16:19:00,65.1
1742573941,16:19:01,72.9
1742573942,16:19:03,74.925
1742573943,16:19:04,74.525
1742573944,16:19:05,69.46
1742573945,16:19:06,77.225
1742573946,16:19:07,80
1742573947,16:19:08,67.82
1742573948,16:19:09,71.275
1742573949,16:19:10,80
1742573950,16:19:11,73.225
1742573951,16:19:12,74.15
1742573952,16:19:13,80
1742573953,16:19:14,74.5
1742573954,16:19:15,80
1742573955,16:19:16,74.825
1742573957,16:19:17,80
1742573958,16:19:18,72.025
1742573959,16:19:19,68.42
1742573960,16:19:20,77.3
1742573961,16:19:21,78.075
1742573962,16:19:22,72.975
1742573963,16:19:23,78.1
1742573964,16:19:24,80
1742573965,16:19:25,80
1742573966,16:19:26,68.28
1742573967,16:19:27,68.5
1742573968,16:19:28,75.3
1742573969,16:19:29,74.125
1742573970,16:19:30,69.46
1742573971,16:19:31,64.87692
1742573972,16:19:32,68.24
1742573973,16:19:33,65.38
1742573974,16:19:34,64.93846
1742573975,16:19:36,61
1742573976,16:19:37,72.05
1742573977,16:19:38,68.16
1742573978,16:19:39,69.68
1742573979,16:19:40,77.55
1742573980,16:19:41,78.025
1742573981,16:19:42,71.15
1742573982,16:19:43,76.45
1742573983,16:19:44,70.9
1742573985,16:19:45,80
1742573986,16:19:46,65.34
1742573987,16:19:47,64.6
1742573988,16:19:48,76.5
1742573989,16:19:49,73.3
1742573990,16:19:50,68.26
1742573991,16:19:51,70.525
1742573992,16:19:52,78.125
1742573993,16:19:53,68.44
1742573994,16:19:54,66.74
1742573995,16:19:55,74.275
1742573996,16:19:56,75.975
1742573997,16:19:57,73
1742573998,16:19:58,76.375
1742573999,16:19:59,61.98462
1742574000,16:20:00,76.675
1742574001,16:20:01,73.3
1742574002,16:20:02,60
1742574003,16:20:03,76.725
1742574004,16:20:04,62.38462
1742574005,16:20:05,61.27692
1742574006,16:20:06,61.83077
1742574007,16:20:07,67.5
1742574008,16:20:08,66.9
1742574009,16:20:09,68.26
1742574010,16:20:10,65.6
1742574011,16:20:11,71.425
1742574012,16:20:12,78.1
1742574013,16:20:13,67.52
1742574014,16:20:14,75.075
1742574015,16:20:15,70.125
1742574016,16:20:17,56.3
1742574017,16:20:18,68.48
1742574018,16:20:19,77.95
1742574021,16:20:21,80
1742574022,16:20:22,79.025
1742574023,16:20:23,80
1742574024,16:20:24,79.325
1742574025,16:20:25,65.78
1742574026,16:20:26,70.175
1742574027,16:20:27,78.15
1742574028,16:20:28,77.225
1742574029,16:20:29,75.375
1742574030,16:20:30,76.325
1742574031,16:20:31,68.76
1742574032,16:20:32,73.3
1742574033,16:20:33,78.8
1742574034,16:20:34,71.85
1742574035,16:20:35,77.625
1742574036,16:20:36,77.225
1742574037,16:20:37,74.725
1742574038,16:20:38,75.225
1742574039,16:20:39,76.5
1742574040,16:20:40,78.475
1742574041,16:20:41,60.1
1742574042,16:20:42,78.975
1742574043,16:20:43,80
1742574044,16:20:44,73.325
1742574045,16:20:45,77.55
1742574046,16:20:46,73.25
1742574047,16:20:47,71.225
1742574048,16:20:48,78.9
1742574049,16:20:49,74.225
1742574050,16:20:50,77.95
1742574051,16:20:51,72.775
1742574052,16:20:52,70.875
1742574053,16:20:53,79.675
1742574054,16:20:54,71.8
1742574055,16:20:55,75.3
1742574056,16:20:56,76.825
1742574057,16:20:57,69.08
1742574058,16:20:58,80
1742574059,16:20:59,64.93846
1742574060,16:21:00,76.85
1742574061,16:21:01,75.15
1742574062,16:21:02,68.94
1742574063,16:21:03,80
1742574064,16:21:04,79.725
1742574065,16:21:05,73.575
1742574066,16:21:06,63.46154
1742574067,16:21:07,74.025
1742574068,16:21:08,80
1742574069,16:21:09,70.9
1742574070,16:21:10,67.42
1742574071,16:21:12,65.6
1742574072,16:21:13,79.25
1742574073,16:21:14,66.24
1742574074,16:21:15,73.025
1742574075,16:21:16,65.34
1742574076,16:21:17,76.925
1742574077,16:21:18,67.88
1742574078,16:21:19,80
1742574079,16:21:20,71.925
1742574080,16:21:21,75.775
1742574081,16:21:23,74.625
1742574084,16:21:24,70.775
1742574085,16:21:25,76.725
1742574086,16:21:26,69.16
1742574087,16:21:27,70.75
1742574088,16:21:28,72.85
1742574089,16:21:29,74.75
1742574090,16:21:30,74.925
1742574091,16:21:31,75.85
1742574092,16:21:32,80
1742574093,16:21:33,67.66
1742574094,16:21:34,69.8
1742574095,16:21:35,78.275
1742574096,16:21:36,72.275
1742574097,16:21:37,61.98462
1742574098,16:21:39,80
1742574099,16:21:40,80
1742574100,16:21:41,78.675
1742574101,16:21:42,79.025
1742574102,16:21:43,71.45
1742574103,16:21:44,72.55
1742574104,16:21:45,76.675
1742574105,16:21:46,70.175
1742574106,16:21:47,72.425
1742574107,16:21:48,75.625
1742574108,16:21:49,79.625
1742574109,16:21:50,66.84
1742574110,16:21:51,80
1742574111,16:21:52,76.975
1742574112,16:21:52,69.94
1742574113,16:21:54,80
1742574114,16:21:54,69.88
1742574115,16:21:56,68.16
1742574116,16:21:57,69.1
1742574117,16:21:58,64.2923
1742574118,16:21:59,71.375
1742574120,16:22:00,63.06154
1742574121,16:22:02,65.2
1742574122,16:22:03,68.16
1742574123,16:22:04,80
1742574124,16:22:05,67.56
1742574125,16:22:06,76.05
1742574126,16:22:07,78.95
1742574128,16:22:08,67.28
1742574129,16:22:09,74.1
1742574130,16:22:11,71.7
1742574132,16:22:13,66.12
1742574134,16:22:14,79.825
1742574135,16:22:16,60.3
1742574136,16:22:17,72.525
1742574138,16:22:19,72.275
1742574140,16:22:21,69.44
1742574143,16:22:23,78.075
1742574144,16:22:24,67.06
1742574145,16:22:25,67.86
1742574146,16:22:26,66.16
1742574147,16:22:27,70.975
1742574148,16:22:29,77.475
1742574149,16:22:30,78.775
1742574150,16:22:31,68.94
1742574151,16:22:32,73.475
1742574152,16:22:33,79.375
1742574153,16:22:34,65.16
1742574154,16:22:35,74.675
1742574155,16:22:36,71.925
1742574156,16:22:37,79.65
1742574158,16:22:38,71.325
1742574159,16:22:39,66.06
1742574160,16:22:40,79.2
1742574161,16:22:41,74.225
1742574162,16:22:43,70.525
1742574163,16:22:44,69.12
1742574165,16:22:45,67.38
1742574166,16:22:46,78.9
1742574167,16:22:47,80
1742574168,16:22:48,76.5
1742574169,16:22:50,69.06
1742574170,16:22:51,69.44
1742574171,16:22:52,67.22
1742574172,16:22:53,66.98
1742574173,16:22:54,76.85
1742574174,16:22:55,66.98
1742574176,16:22:56,67.82
1742574177,16:22:57,68.3
1742574178,16:22:59,68.38
1742574180,16:23:00,70.05
1742574181,16:23:01,74.15
1742574182,16:23:02,77.15
1742574183,16:23:03,78.5
1742574184,16:23:04,67.32
1742574185,16:23:05,66.36
1742574186,16:23:06,80
1742574187,16:23:07,75.15
1742574188,16:23:08,74.5
1742574189,16:23:09,75.05
1742574190,16:23:11,66.46
1742574191,16:23:12,70.9
1742574192,16:23:13,65.32
1742574194,16:23:14,79.75
1742574195,16:23:15,70.9
1742574196,16:23:16,77.7
1742574197,16:23:17,66.44
1742574198,16:23:18,66.06
1742574199,16:23:19,71.825
1742574200,16:23:20,66.44
1742574201,16:23:21,69.08
1742574202,16:23:22,78.15
1742574203,16:23:23,80
1742574204,16:23:24,68.34
1742574205,16:23:26,77.925
1742574206,16:23:26,64.72308
1742574207,16:23:27,80
1742574208,16:23:28,79.175
1742574209,16:23:30,66.92
1742574210,16:23:31,69.18
1742574212,16:23:32,71.45
1742574213,16:23:34,69.24
1742574214,16:23:35,65.64
1742574215,16:23:36,75.175
1742574216,16:23:37,69.44
1742574218,16:23:38,65.74
1742574219,16:23:39,69.76
1742574220,16:23:40,70.725
1742574221,16:23:41,67.24
1742574222,16:23:42,64.47692
1742574223,16:23:43,66.6
1742574224,16:23:44,66.76
1742574225,16:23:45,73.375
1742574226,16:23:46,70.475
1742574227,16:23:47,68.62
1742574228,16:23:48,78.9
1742574229,16:23:49,69.44
1742574230,16:23:50,70.35
1742574231,16:23:51,67.58
1742574232,16:23:52,69.88
1742574233,16:23:53,72.525
1742574234,16:23:54,74.425
1742574235,16:23:55,75.75
1742574236,16:23:56,64.44615
1742574237,16:23:57,79.475
1742574238,16:23:58,69.12
1742574239,16:23:59,66.34
1742574240,16:24:00,74.9
1742574241,16:24:01,72.1
1742574242,16:24:02,75.275
1742574243,16:24:03,74.375
1742574244,16:24:04,64.16923
1742574245,16:24:05,68.82
1742574246,16:24:06,64.44615
1742574247,16:24:07,66.88
1742574248,16:24:08,69.02
1742574249,16:24:09,71.375
1742574250,16:24:10,73.6
1742574251,16:24:11,80
1742574252,16:24:13,62.75385
1742574253,16:24:14,63.03077
1742574254,16:24:15,64.04615
1742574255,16:24:16,65.32
1742574256,16:24:17,74.1
1742574257,16:24:18,72.45
1742574258,16:24:19,73.325
1742574259,16:24:20,66.34
1742574261,16:24:21,66.9
1742574262,16:24:23,64.38461
1742574264,16:24:24,68.92
1742574265,16:24:25,64.53846
1742574266,16:24:26,66.34
1742574267,16:24:27,71.675
1742574268,16:24:28,72.65
1742574269,16:24:29,68.7
1742574270,16:24:30,70.2
1742574271,16:24:31,68.16
1742574272,16:24:32,73.15
1742574273,16:24:33,69.44
1742574274,16:24:34,73.075
1742574275,16:24:35,70.45
1742574276,16:24:36,78.9
1742574277,16:24:37,76.15
1742574278,16:24:39,72.625
1742574279,16:24:39,74.45
1742574280,16:24:41,67.78
1742574281,16:24:42,65.58
1742574282,16:24:43,65.56
1742574283,16:24:44,70.65
1742574284,16:24:45,74.2
1742574285,16:24:46,74.05
1742574286,16:24:47,74.775
1742574287,16:24:48,72.725
1742574288,16:24:49,66.14
1742574289,16:24:50,62.66154
1742574290,16:24:51,69.24
1742574291,16:24:52,68.04
1742574292,16:24:53,60.5
1742574294,16:24:54,70.9
1742574295,16:24:55,61
1742574296,16:24:56,61.03077
1742574297,16:24:58,64.44615
1742574298,16:24:59,61.92308
1742574299,16:25:00,61.27692
1742574300,16:25:01,67.54
1742574301,16:25:02,61.98462
1742574302,16:25:03,65.06
1742574303,16:25:04,71.225
1742574304,16:25:05,69.26
1742574305,16:25:06,74.45
1742574306,16:25:07,66.24
1742574307,16:25:08,80
1742574308,16:25:09,80
1742574309,16:25:10,73.85
1742574310,16:25:11,78.75
1742574311,16:25:12,73.675
1742574312,16:25:13,71.375
1742574314,16:25:14,75.3
1742574315,16:25:15,74.175
1742574316,16:25:16,72.45
1742574317,16:25:17,80
1742574318,16:25:18,76.65
1742574319,16:25:19,69.3
1742574320,16:25:20,65.96
1742574321,16:25:21,72.275
1742574322,16:25:22,64.78461
1742574323,16:25:23,65.34
1742574325,16:25:25,67.78
1742574326,16:25:26,63.61538
1742574327,16:25:27,74.175
1742574328,16:25:28,75.275
1742574329,16:25:29,66.64
1742574330,16:25:30,75.775
1742574331,16:25:31,66.84
1742574332,16:25:32,68.8
1742574333,16:25:33,67.52
1742574334,16:25:34,69.82
1742574335,16:25:36,65.16
1742574336,16:25:37,74.5
1742574337,16:25:38,69.94
1742574338,16:25:39,76.075
1742574339,16:25:40,79.575
1742574340,16:25:41,66.94
1742574341,16:25:42,79.975
1742574342,16:25:43,68.54
1742574343,16:25:44,67.52
1742574344,16:25:45,74.9
1742574345,16:25:46,63.4
1742574346,16:25:47,65.94
1742574348,16:25:48,80
1742574349,16:25:49,67.82
1742574350,16:25:50,79.325
1742574351,16:25:51,74.575
1742574352,16:25:52,72.875
1742574353,16:25:53,73.675
1742574354,16:25:54,63.43077
1742574355,16:25:55,66.26
1742574356,16:25:56,61
1742574357,16:25:57,70.4
1742574358,16:25:59,74.9
1742574359,16:26:00,69.44
1742574360,16:26:01,73.15
1742574361,16:26:02,62.69231
1742574362,16:26:03,80
1742574363,16:26:04,78.875
1742574364,16:26:05,80
1742574365,16:26:06,72.275
1742574366,16:26:07,57.65
1742574367,16:26:08,62.75385
1742574368,16:26:09,80
1742574369,16:26:10,80
1742574370,16:26:11,80
1742574371,16:26:12,78.85
1742574373,16:26:14,69.18
1742574375,16:26:15,68.6
1742574376,16:26:16,71.65
1742574377,16:26:17,70.8
1742574378,16:26:19,76.9
1742574379,16:26:20,75.175
1742574380,16:26:21,61.98462
1742574381,16:26:22,61.18462
1742574383,16:26:23,73.225
1742574384,16:26:24,61.18462
1742574385,16:26:25,66.66
1742574386,16:26:26,80
1742574387,16:26:27,65.9
1742574388,16:26:29,74.25
1742574389,16:26:30,73.475
1742574390,16:26:31,67.08
1742574391,16:26:32,60.7
1742574392,16:26:33,61.70769
1742574394,16:26:34,69.18
1742574395,16:26:35,57.65
1742574396,16:26:36,64.90769
1742574397,16:26:37,76.1
1742574398,16:26:38,70.9
1742574399,16:26:39,62.26154
1742574400,16:26:40,69.98
1742574401,16:26:41,69.66
1742574402,16:26:42,71.75
1742574403,16:26:43,75.25
1742574404,16:26:44,58.25
1742574405,16:26:45,64.78461
1742574406,16:26:46,79.275
1742574407,16:26:47,68.26
1742574408,16:26:48,63.73846
1742574409,16:26:49,59.1
1742574410,16:26:50,61.46154
1742574411,16:26:51,64.90769
1742574412,16:26:52,76.125
1742574413,16:26:53,64.93846
1742574414,16:26:54,66.8
1742574415,16:26:56,67
1742574416,16:26:56,75.675
1742574417,16:26:58,77.2
1742574418,16:26:59,67.82
1742574419,16:27:00,65.32
1742574420,16:27:01,70.5
1742574421,16:27:02,66.98
1742574422,16:27:03,67.56
1742574423,16:27:04,66.2
1742574424,16:27:05,78.825
1742574425,16:27:06,65.62
1742574426,16:27:07,80
1742574427,16:27:08,70.075
1742574428,16:27:09,79.375
1742574429,16:27:10,65.58
1742574430,16:27:11,65.22
1742574431,16:27:12,71.075
1742574432,16:27:13,74.85
1742574433,16:27:14,79.775
1742574435,16:27:15,72.975
1742574436,16:27:16,67.08
1742574437,16:27:17,73.325
1742574438,16:27:18,78.1
1742574439,16:27:19,62.13846
1742574440,16:27:20,65.6
1742574441,16:27:21,61.98462
1742574442,16:27:23,64.41538
1742574444,16:27:24,69.38
1742574446,16:27:26,76.45
1742574447,16:27:27,80
1742574448,16:27:28,80
1742574449,16:27:29,67.7
1742574450,16:27:30,80
1742574451,16:27:31,69.54
1742574452,16:27:32,75.075
1742574453,16:27:33,74.025
1742574454,16:27:34,72.25
1742574455,16:27:35,80
1742574456,16:27:36,73.975
1742574457,16:27:37,76.1
1742574458,16:27:38,80
1742574459,16:27:39,77.7
1742574460,16:27:40,62.96923
1742574461,16:27:41,66.76
1742574462,16:27:42,57.35
1742574463,16:27:43,57.95
1742574464,16:27:44,62.44616
1742574465,16:27:46,58.4
1742574466,16:27:47,64.13846
1742574467,16:27:48,68.38
1742574468,16:27:49,69.16
1742574469,16:27:50,66.18
1742574470,16:27:51,72.525
1742574471,16:27:52,72.775
1742574472,16:27:53,61.09231
1742574473,16:27:54,62.29231
1742574474,16:27:54,65.74
1742574475,16:27:56,67.34
1742574479,16:27:59,68.86
1742574480,16:28:00,63.03077
1742574481,16:28:01,64.2923
1742574482,16:28:02,76.5
1742574483,16:28:04,70.175
1742574484,16:28:05,62.29231
1742574485,16:28:06,62.44616
1742574486,16:28:07,62.96923
1742574487,16:28:08,69.44
1742574488,16:28:09,67.5
1742574489,16:28:10,66.64
1742574491,16:28:11,61.98462
1742574492,16:28:12,63.95385
1742574493,16:28:14,67.26
1742574494,16:28:15,62.56923
1742574495,16:28:16,71.975
1742574496,16:28:17,63.06154
1742574497,16:28:18,65.9
1742574498,16:28:19,68.52
1742574499,16:28:20,69.44
1742574501,16:28:21,64.53846
1742574502,16:28:22,59.2
1742574503,16:28:23,67.32
1742574504,16:28:24,76.175
1742574505,16:28:25,68.86
1742574506,16:28:26,62.84615
1742574507,16:28:27,79.65
1742574508,16:28:28,76.075
1742574509,16:28:29,73.675
1742574510,16:28:31,63.98462
1742574512,16:28:32,68.1
1742574513,16:28:33,69.06
1742574514,16:28:34,60.9
1742574515,16:28:35,60.7
1742574516,16:28:36,65.32
1742574517,16:28:37,72.45
1742574518,16:28:38,72.15
1742574519,16:28:39,64.38461
1742574520,16:28:40,62.2
1742574521,16:28:41,65.86
1742574522,16:28:42,75.825
1742574523,16:28:43,75.625
1742574524,16:28:44,65.5
1742574525,16:28:45,67.16
1742574527,16:28:47,61.15385
1742574528,16:28:48,71.325
1742574529,16:28:49,66.56
1742574530,16:28:50,67.5
1742574531,16:28:51,66.88
1742574532,16:28:52,65.28
1742574533,16:28:54,64.81538
1742574534,16:28:54,64.90769
1742574535,16:28:55,61.18462
1742574536,16:28:56,74.1
1742574537,16:28:57,71.125
1742574538,16:28:59,68.92
1742574539,16:29:00,70.5
1742574540,16:29:01,73.175
1742574541,16:29:02,71.35
1742574543,16:29:03,70.525
1742574544,16:29:04,61.86154
1742574545,16:29:05,64.93846
1742574546,16:29:06,80
1742574547,16:29:07,71.875
1742574548,16:29:08,75.2
1742574549,16:29:09,76.925
1742574550,16:29:10,68.26
1742574551,16:29:11,71.7
1742574552,16:29:12,66.18
1742574553,16:29:13,65.74
1742574554,16:29:15,65.86
1742574555,16:29:16,62.63077
1742574556,16:29:17,64.72308
1742574558,16:29:18,78.475
1742574559,16:29:19,64.84615
1742574560,16:29:20,80
1742574561,16:29:21,80
1742574562,16:29:22,69.94
1742574563,16:29:23,70.875
1742574564,16:29:25,77.3
1742574565,16:29:26,66.88
1742574567,16:29:27,76.975
1742574568,16:29:28,69.48
1742574569,16:29:29,68.3
1742574570,16:29:31,73.95
1742574571,16:29:32,78.625
1742574572,16:29:33,80
1742574573,16:29:34,63.92308
1742574574,16:29:35,76.35
1742574575,16:29:36,69.66
1742574576,16:29:37,77.95
1742574577,16:29:38,67.32
1742574579,16:29:39,62.29231
1742574580,16:29:40,75.575
1742574581,16:29:41,73.525
1742574582,16:29:42,70.875
1742574583,16:29:43,72.75
1742574584,16:29:44,72.275
1742574585,16:29:45,73.2
1742574586,16:29:47,79.55
1742574587,16:29:48,78.925
1742574589,16:29:49,66.64
1742574590,16:29:51,68.84
1742574592,16:29:52,61.98462
1742574593,16:29:53,69.44
1742574594,16:29:54,72.875
1742574595,16:29:55,69.78
1742574596,16:29:56,80
1742574597,16:29:57,61
1742574598,16:29:58,75.775
1742574599,16:29:59,66.24
1742574600,16:30:00,75.7
1742574601,16:30:01,64.93846
1742574602,16:30:02,62.87692
1742574603,16:30:03,79.075
1742574604,16:30:04,66.88
1742574605,16:30:05,74.575
1742574606,16:30:06,76.2
1742574607,16:30:07,80
1742574608,16:30:08,61.95385
1742574609,16:30:09,67.86
1742574610,16:30:10,67.9
1742574611,16:30:11,70.525
1742574612,16:30:12,79.7
1742574613,16:30:13,71.875
1742574614,16:30:14,77.3
1742574615,16:30:15,76.275
1742574616,16:30:16,80
1742574617,16:30:18,78.475
1742574618,16:30:19,68.02
1742574619,16:30:20,66.84
1742574620,16:30:21,75.975
1742574621,16:30:22,69.46
1742574622,16:30:24,61.36923
1742574624,16:30:25,64.26154
1742574625,16:30:26,57.05
1742574626,16:30:27,71.925
1742574628,16:30:28,73.3
1742574629,16:30:29,74.85
1742574630,16:30:30,65.14
1742574631,16:30:31,59.1
1742574632,16:30:32,61.46154
1742574633,16:30:33,75.975
1742574634,16:30:34,80
1742574635,16:30:35,73.425
1742574636,16:30:36,80
1742574637,16:30:37,63.95385
1742574638,16:30:38,67.18
1742574639,16:30:39,73.15
1742574640,16:30:40,75
1742574641,16:30:41,76.425
1742574642,16:30:42,65.42
1742574643,16:30:43,66.36
1742574644,16:30:44,66.44
1742574645,16:30:45,61.95385
1742574646,16:30:46,68.62
1742574647,16:30:47,78.025
1742574648,16:30:48,72.5
1742574649,16:30:49,68.76
1742574650,16:30:50,66.78
1742574651,16:30:51,58.55
1742574652,16:30:52,66.9
1742574653,16:30:53,61.8
1742574654,16:30:55,69.86
1742574655,16:30:56,60.8
1742574657,16:30:58,59.1
1742574658,16:30:59,64.16923
1742574659,16:31:00,75.575
1742574661,16:31:01,80
1742574662,16:31:02,66.3
1742574663,16:31:03,63.95385
1742574664,16:31:04,65.16
1742574665,16:31:05,78.225
1742574666,16:31:06,76.925
1742574667,16:31:07,68.74
1742574668,16:31:09,77.85
1742574669,16:31:10,70.375
1742574671,16:31:11,74.9
1742574672,16:31:13,71.075
1742574673,16:31:14,66.46
1742574674,16:31:15,74.5
1742574675,16:31:16,69.64
1742574676,16:31:19,67.32
1742574680,16:31:20,80
1742574681,16:31:21,75.55
1742574682,16:31:22,68.8
1742574683,16:31:23,73.05
1742574684,16:31:24,71.75
1742574685,16:31:25,66.66
1742574686,16:31:26,77.475
1742574687,16:31:27,72.525
1742574688,16:31:28,78.75
1742574689,16:31:29,79.7
1742574690,16:31:31,66.82
1742574691,16:31:32,63.24615
1742574692,16:31:33,78.4
1742574693,16:31:34,77.7
1742574695,16:31:35,77.3
1742574696,16:31:36,80
1742574697,16:31:37,77.575
1742574698,16:31:38,77.3
1742574699,16:31:39,77.925
1742574700,16:31:40,74
1742574701,16:31:41,69.84
1742574702,16:31:42,65.1
1742574703,16:31:43,74.775
1742574704,16:31:44,64.13846
1742574705,16:31:45,66.56
1742574706,16:31:46,71.625
1742574707,16:31:48,67.3
1742574708,16:31:49,78.775
1742574709,16:31:50,74.775
1742574710,16:31:51,73.55
1742574712,16:31:52,67.62
1742574713,16:31:53,72.025
1742574714,16:31:54,70.85
1742574715,16:31:56,65.62
1742574716,16:31:57,65.56
1742574717,16:31:58,66.86
1742574718,16:31:59,66.56
1742574719,16:32:00,68.16
1742574721,16:32:01,66.66
1742574722,16:32:02,63.61538
1742574723,16:32:03,73.375
1742574724,16:32:04,72.025
1742574725,16:32:05,66.88
1742574726,16:32:06,80
1742574727,16:32:07,66.76
1742574728,16:32:08,74.025
1742574729,16:32:09,66.82
1742574730,16:32:10,65.3
1742574731,16:32:11,67.52
1742574732,16:32:12,70.575
1742574733,16:32:13,75.375
1742574734,16:32:14,74.45
1742574735,16:32:15,75.45
1742574736,16:32:16,67.48
1742574737,16:32:17,67.28
1742574738,16:32:19,71.55
1742574739,16:32:20,67.08
1742574740,16:32:21,69.76
1742574741,16:32:22,67.64
1742574742,16:32:23,68.28
1742574743,16:32:24,69.34
1742574744,16:32:25,79.975
1742574745,16:32:26,76.975
1742574746,16:32:27,69.34
1742574747,16:32:28,68.92
1742574749,16:32:29,66.48
1742574750,16:32:30,71.875
1742574751,16:32:31,67.1
1742574752,16:32:32,66.44
1742574753,16:32:33,65.34
1742574754,16:32:34,75.25
1742574755,16:32:35,66.54
1742574756,16:32:36,66.26
1742574757,16:32:37,67.34
1742574758,16:32:38,67.26
1742574759,16:32:39,67.74
1742574760,16:32:40,80
1742574761,16:32:41,76.475
1742574762,16:32:42,67.46
1742574763,16:32:43,64.69231
1742574764,16:32:44,76.1
1742574765,16:32:45,78.45
1742574766,16:32:46,76.6
1742574767,16:32:47,75.025
1742574768,16:32:48,71.775
1742574769,16:32:49,68.88
1742574770,16:32:50,80
1742574771,16:32:52,69.66
1742574772,16:32:53,73.575
1742574773,16:32:54,72.275
1742574775,16:32:55,68.38
1742574776,16:32:56,69.34
1742574777,16:32:57,66.24
1742574778,16:32:58,68.62
1742574779,16:32:59,70.175
1742574780,16:33:00,80
1742574781,16:33:01,69.86
1742574782,16:33:02,67.3
1742574783,16:33:04,73.3
1742574784,16:33:05,75.65
1742574785,16:33:06,80
1742574786,16:33:07,71.7
1742574787,16:33:08,72.975
1742574788,16:33:09,65.8
1742574790,16:33:10,72.525
1742574791,16:33:11,62.78461
1742574792,16:33:12,66.94
1742574793,16:33:14,75.325
1742574794,16:33:15,76.95
1742574795,16:33:16,74.225
1742574797,16:33:17,80
1742574800,16:33:21,71.325
1742574801,16:33:22,78.1
1742574802,16:33:23,65.46
1742574808,16:33:28,63.64615
1742574811,16:33:31,70.3
1742574812,16:33:32,79.45
1742574813,16:33:33,77.3
1742574814,16:33:34,77.9
1742574815,16:33:36,65.14
1742574816,16:33:37,72.95
1742574817,16:33:38,70.9
1742574818,16:33:39,76.2
1742574819,16:33:40,79.7
1742574820,16:33:41,80
1742574822,16:33:43,79.125
1742574823,16:33:44,80
1742574824,16:33:45,77.45
1742574825,16:33:46,65.92
1742574827,16:33:47,66.62
1742574828,16:33:48,66.9
1742574829,16:33:49,64.6
1742574830,16:33:50,67.66
1742574831,16:33:51,61.98462
1742574832,16:33:52,80
1742574833,16:33:53,73.875
1742574834,16:33:54,76.45
1742574835,16:33:55,69.58
1742574836,16:33:56,58.7
1742574837,16:33:57,69.9
1742574838,16:33:58,75.9
1742574839,16:33:59,66.24
1742574840,16:34:00,72.025
1742574841,16:34:01,72.1
1742574842,16:34:02,68.54
1742574845,16:34:06,74.1
1742574846,16:34:07,72.5
1742574847,16:34:08,76.5
1742574848,16:34:09,64.72308
1742574849,16:34:10,74.15
1742574851,16:34:11,70.325
1742574852,16:34:12,64.50769
1742574853,16:34:13,63.67692
1742574854,16:34:14,67.72
1742574855,16:34:15,68.12
1742574856,16:34:16,79.7
1742574857,16:34:18,67.42
1742574858,16:34:19,71.175
1742574859,16:34:20,80
1742574860,16:34:21,73.6
1742574861,16:34:22,78.825
1742574863,16:34:23,75.725
1742574864,16:34:24,71.35
1742574865,16:34:25,68.44
1742574866,16:34:26,80
1742574867,16:34:27,76.025
1742574868,16:34:28,66.28
1742574869,16:34:29,66.56
1742574870,16:34:30,77.025
1742574871,16:34:31,76.25
1742574872,16:34:32,66.68
1742574873,16:34:33,71.625
1742574874,16:34:35,71.25
1742574875,16:34:36,70.45
1742574876,16:34:37,66.2
1742574877,16:34:38,78.975
1742574878,16:34:39,69.94
1742574879,16:34:40,65.16
1742574880,16:34:41,66.66
1742574881,16:34:42,67.28
1742574882,16:34:43,65.82
1742574883,16:34:44,66.46
1742574885,16:34:45,78.825
1742574886,16:34:46,75.425
1742574887,16:34:47,68.86
1742574888,16:34:48,67.64
1742574889,16:34:49,74.075
1742574890,16:34:50,80
1742574891,16:34:51,78.1
1742574892,16:34:53,71.375
1742574893,16:34:54,66.48
1742574894,16:34:55,75.625
1742574895,16:34:56,69.22
1742574896,16:34:57,71.05
1742574897,16:34:58,73.875
1742574898,16:34:59,72.8
1742574899,16:35:00,75.55
1742574901,16:35:01,73.325
1742574902,16:35:02,79.05
1742574903,16:35:03,74.775
1742574904,16:35:04,80
1742574905,16:35:05,78.575
1742574906,16:35:09,80
1742574910,16:35:10,80
1742574911,16:35:11,80
1742574912,16:35:12,72.925
1742574913,16:35:13,74.45
1742574914,16:35:14,75.575
1742574915,16:35:15,68.5
1742574916,16:35:16,71.575
1742574917,16:35:18,69.54
1742574918,16:35:19,78.675
1742574919,16:35:20,69.44
1742574920,16:35:21,79.45
1742574921,16:35:22,66.9
1742574922,16:35:23,74.9
1742574923,16:35:24,63.52308
1742574924,16:35:25,80
1742574925,16:35:26,65.26
1742574927,16:35:27,75.95
1742574928,16:35:28,77.425
1742574929,16:35:29,66.56
1742574930,16:35:30,70.975
1742574932,16:35:32,79.25
1742574933,16:35:33,75.3
1742574934,16:35:35,78.1
1742574935,16:35:36,80
1742574938,16:35:39,76.05
1742574940,16:35:40,80
1742574941,16:35:41,79.875
1742574942,16:35:42,79.725
1742574943,16:35:43,80
1742574944,16:35:44,79.425
1742574945,16:35:45,78.825
1742574946,16:35:47,73.45
1742574948,16:35:48,80
1742574949,16:35:49,70.575
1742574950,16:35:50,74.025
1742574951,16:35:51,73.975
1742574952,16:35:52,76.325
1742574953,16:35:53,80
1742574954,16:35:54,72.425
1742574955,16:35:55,78.5
1742574956,16:35:56,77.35
1742574957,16:35:57,80
1742574958,16:35:58,76.5
1742574959,16:35:59,80
1742574960,16:36:00,70.9
1742574961,16:36:01,71.675
1742574962,16:36:02,77.875
1742574963,16:36:03,80
1742574964,16:36:04,80
1742574965,16:36:05,80
1742574966,16:36:06,75.7
1742574967,16:36:07,80
1742574968,16:36:08,62.75385
1742574969,16:36:09,64.90769
1742574970,16:36:11,74.825
1742574971,16:36:12,75.925
1742574972,16:36:13,72.475
1742574973,16:36:14,80
1742574974,16:36:15,68.58
1742574975,16:36:16,64.35384
1742574976,16:36:17,67.02
1742574977,16:36:18,75.7
1742574978,16:36:19,76.625
1742574979,16:36:20,80
1742574980,16:36:21,67.4
1742574981,16:36:22,79.525
1742574982,16:36:23,70.825
1742574984,16:36:25,72.225
1742574986,16:36:27,75.3
1742574987,16:36:28,74.8
1742574990,16:36:30,71.125
1742574991,16:36:31,73.575
1742574992,16:36:32,71.275
1742574993,16:36:33,70.575
1742574994,16:36:34,73.125
1742574995,16:36:35,75.7
1742574996,16:36:36,69.16
1742574997,16:36:38,60.1
1742574998,16:36:39,74.625
1742574999,16:36:40,74.85
1742575000,16:36:41,78.025
1742575001,16:36:42,79.375
1742575002,16:36:43,69.26
1742575003,16:36:44,76.175
1742575005,16:36:45,59.7
1742575006,16:36:47,68.46
1742575007,16:36:48,64.16923
1742575008,16:36:49,65.18
1742575009,16:36:50,80
1742575010,16:36:51,74.975
1742575012,16:36:53,72.5
1742575014,16:36:54,80
1742575015,16:36:55,80
1742575016,16:36:56,77.25
1742575017,16:36:57,70.175
1742575018,16:36:59,80
1742575019,16:37:00,72.075
1742575020,16:37:01,75.45
1742575021,16:37:02,80
1742575022,16:37:03,68.5
1742575023,16:37:04,74.275
1742575024,16:37:05,66.14
1742575026,16:37:06,80
1742575027,16:37:07,62.35385
1742575028,16:37:08,66.88
1742575029,16:37:09,74.525
1742575030,16:37:11,70.125
1742575031,16:37:12,75.3
1742575032,16:37:13,74.9
1742575033,16:37:14,80
1742575034,16:37:15,74.025
1742575035,16:37:16,79.325
1742575036,16:37:17,74.65
1742575038,16:37:18,80
1742575039,16:37:19,77.85
1742575040,16:37:20,78.175
1742575041,16:37:21,74.475
1742575042,16:37:22,69.44
1742575043,16:37:23,80
1742575044,16:37:24,80
1742575045,16:37:25,72.9
1742575046,16:37:26,80
1742575047,16:37:27,73.575
1742575048,16:37:28,80
1742575049,16:37:29,73.65
1742575050,16:37:30,76.45
1742575051,16:37:31,70.225
1742575053,16:37:33,68.78
1742575054,16:37:34,80
1742575055,16:37:35,80
1742575056,16:37:36,79.225
1742575057,16:37:37,77.225
1742575058,16:37:38,80
1742575059,16:37:39,73.65
1742575060,16:37:40,73.3
1742575061,16:37:41,80
1742575062,16:37:42,66.52
1742575063,16:37:43,76.125
1742575064,16:37:45,74.975
1742575065,16:37:46,78.9
1742575066,16:37:47,60.9
1742575067,16:37:48,75.275
1742575069,16:37:49,80
1742575070,16:37:50,73.025
1742575071,16:37:51,78.9
1742575072,16:37:52,78.25
1742575073,16:37:53,68.8
1742575074,16:37:54,77.825
1742575075,16:37:55,78.9
1742575076,16:37:56,76.125
1742575077,16:37:57,78.275
1742575078,16:37:58,80
1742575079,16:37:59,65.14
1742575080,16:38:00,77.625
1742575081,16:38:01,71.65
1742575082,16:38:02,65.46
1742575083,16:38:03,74.35
1742575084,16:38:04,77.05
1742575085,16:38:05,80
1742575086,16:38:06,74.2
1742575087,16:38:07,69.4
1742575088,16:38:08,76.05
1742575089,16:38:09,67.64
1742575090,16:38:10,76.575
1742575091,16:38:11,76.5
1742575092,16:38:12,77.825
1742575093,16:38:13,75.375
1742575094,16:38:15,80
1742575095,16:38:16,70.375
1742575096,16:38:17,80
1742575097,16:38:18,74.35
1742575098,16:38:19,80
1742575099,16:38:20,80
1742575100,16:38:21,80
1742575101,16:38:22,70.925
1742575102,16:38:23,64.6
1742575103,16:38:24,75.45
1742575104,16:38:25,72.55
1742575105,16:38:26,69
1742575106,16:38:27,69.44
1742575107,16:38:28,77.65
1742575108,16:38:29,68.14
1742575110,16:38:30,80
1742575111,16:38:31,71.325
1742575112,16:38:32,68.2
1742575113,16:38:33,78.3
1742575114,16:38:34,71.075
1742575115,16:38:35,66.88
1742575116,16:38:36,74.1
1742575117,16:38:37,69.44
1742575118,16:38:38,77.7
1742575119,16:38:39,68.36
1742575120,16:38:40,70.425
1742575121,16:38:41,80
1742575122,16:38:42,79.675
1742575123,16:38:43,80
1742575124,16:38:44,69.52
1742575125,16:38:45,75.05
1742575126,16:38:46,80
1742575127,16:38:47,69.14
1742575128,16:38:48,76.375
1742575129,16:38:49,80
1742575130,16:38:51,66.54
1742575131,16:38:52,80
1742575132,16:38:53,80
1742575133,16:38:54,76.05
1742575134,16:38:55,76.5
1742575135,16:38:56,80
1742575136,16:38:57,68.62
1742575137,16:38:58,68.68
1742575139,16:38:59,73.475
1742575140,16:39:00,80
1742575141,16:39:02,70.125
1742575142,16:39:03,74.225
1742575143,16:39:04,73.875
1742575144,16:39:05,79.8
1742575145,16:39:06,72.925
1742575147,16:39:07,66.84
1742575148,16:39:08,65.6
1742575149,16:39:09,80
1742575150,16:39:10,78.625
1742575151,16:39:11,77.275
1742575152,16:39:12,80
1742575153,16:39:13,74.05
1742575154,16:39:14,68.74
1742575155,16:39:15,80
1742575156,16:39:16,69.58
1742575157,16:39:17,63.64615
1742575158,16:39:18,66.52
1742575159,16:39:19,65.06
1742575160,16:39:20,76.05
1742575161,16:39:21,75.25
1742575162,16:39:22,80
1742575165,16:39:25,79.6
1742575166,16:39:26,79.25
1742575167,16:39:27,80
1742575168,16:39:28,68.86
1742575169,16:39:29,78.1
1742575170,16:39:30,67.88
1742575171,16:39:31,75.85
1742575172,16:39:32,65.8
1742575173,16:39:33,65.64
1742575174,16:39:34,61.76923
1742575175,16:39:35,63.46154
1742575176,16:39:36,70.95
1742575177,16:39:37,74.1
1742575178,16:39:38,65.22
1742575179,16:39:39,69.9
1742575180,16:39:40,67.98
1742575181,16:39:42,74.6
1742575182,16:39:43,77.475
1742575183,16:39:44,76.9
1742575184,16:39:45,77.675
1742575185,16:39:46,67.08
1742575186,16:39:47,70.65
1742575187,16:39:48,66.12
1742575188,16:39:49,63.43077
1742575189,16:39:50,62.96923
1742575190,16:39:51,64.23077
1742575191,16:39:52,66.92
1742575192,16:39:53,70.925
1742575194,16:39:54,61.27692
1742575195,16:39:55,62.63077
1742575196,16:39:56,61
1742575197,16:39:57,69.18
1742575198,16:39:58,77.675
1742575199,16:39:59,70.225
1742575200,16:40:00,66.92
1742575201,16:40:01,80
1742575202,16:40:02,74.975
1742575203,16:40:03,72.1
1742575204,16:40:04,79.375
1742575205,16:40:05,58.1
1742575206,16:40:06,64.66154
1742575207,16:40:07,70.9
1742575208,16:40:08,67.64
1742575209,16:40:10,67.18
1742575210,16:40:11,66.22
1742575211,16:40:12,58.4
1742575212,16:40:13,61.27692
1742575213,16:40:14,74.025
1742575214,16:40:15,69.52
1742575215,16:40:16,75.375
1742575216,16:40:17,71.25
1742575217,16:40:18,65.18
1742575218,16:40:19,58.4
1742575220,16:40:20,68.82
1742575221,16:40:21,65.02
1742575222,16:40:22,59.6
1742575223,16:40:23,65.74
1742575224,16:40:24,74.95
1742575225,16:40:25,66.56
1742575226,16:40:26,72.175
1742575227,16:40:27,65.56
1742575228,16:40:28,66.38
1742575229,16:40:29,64.93846
1742575230,16:40:30,75.35
1742575231,16:40:31,66.82
1742575232,16:40:32,69.12
1742575234,16:40:34,65.86
1742575235,16:40:35,80
1742575236,16:40:36,75.55
1742575237,16:40:37,75.025
1742575238,16:40:39,76.9
1742575239,16:40:40,68.7
1742575240,16:40:41,71.7
1742575241,16:40:42,67.98
1742575242,16:40:43,77.2
1742575243,16:40:44,77.3
1742575244,16:40:45,77.525
1742575245,16:40:46,75.525
1742575246,16:40:47,71.925
1742575248,16:40:48,66.62
1742575249,16:40:49,68.5
1742575250,16:40:50,78.8
1742575251,16:40:51,77.175
1742575252,16:40:52,69.58
1742575253,16:40:53,78.65
1742575254,16:40:54,66.14
1742575255,16:40:55,73.85
1742575256,16:40:56,71.625
1742575257,16:40:57,72.775
1742575258,16:40:58,71
1742575259,16:40:59,61.43077
1742575260,16:41:00,76.9
1742575261,16:41:01,79.775
1742575262,16:41:02,74.9
1742575263,16:41:04,80
1742575264,16:41:05,73.3
1742575265,16:41:06,66.88
1742575266,16:41:07,64.44615
1742575267,16:41:08,72.7
1742575268,16:41:09,69.7
1742575269,16:41:10,68.48
1742575270,16:41:11,61.83077
1742575271,16:41:12,67.02
1742575272,16:41:13,73.225
1742575273,16:41:14,70.475
1742575274,16:41:15,67.4
1742575276,16:41:16,62.63077
1742575277,16:41:17,57.05
1742575278,16:41:18,64.6
1742575279,16:41:19,73.875
1742575280,16:41:20,66.26
1742575281,16:41:21,75.225
1742575282,16:41:22,79.525
1742575283,16:41:23,65.28
1742575284,16:41:24,67.86
1742575285,16:41:26,74.1
1742575286,16:41:27,62.66154
1742575287,16:41:28,62.90769
1742575288,16:41:29,69.8
1742575289,16:41:30,69.9
1742575290,16:41:31,65.6
1742575291,16:41:32,80
1742575292,16:41:33,72.65
1742575294,16:41:35,71.05
1742575295,16:41:36,80
1742575296,16:41:37,75.3
1742575297,16:41:38,65.74
1742575298,16:41:39,78.225
1742575300,16:41:40,61.95385
1742575301,16:41:41,74.975
1742575302,16:41:42,71.15
1742575303,16:41:44,65.96
1742575304,16:41:45,69.24
1742575305,16:41:46,70.9
1742575306,16:41:47,70.9
1742575307,16:41:48,72.275
1742575308,16:41:49,71.525
1742575309,16:41:50,62.47692
1742575311,16:41:51,69.98
1742575312,16:41:52,71.425
1742575313,16:41:53,68.14
1742575314,16:41:54,71.525
1742575315,16:41:55,63.8
1742575316,16:41:56,80
1742575317,16:41:57,73.3
1742575318,16:41:58,61
1742575319,16:42:00,76.475
1742575320,16:42:01,67.1
1742575321,16:42:02,67.74
1742575325,16:42:05,73.3
1742575326,16:42:06,77.3
1742575327,16:42:07,65.16
1742575328,16:42:08,78.35
1742575329,16:42:09,68.46
1742575330,16:42:10,74.175
1742575331,16:42:11,67.1
1742575332,16:42:12,74.625
1742575333,16:42:13,57.5
1742575334,16:42:14,73.3
1742575335,16:42:15,66.88
1742575336,16:42:16,66.54
1742575337,16:42:17,64.53846
1742575338,16:42:18,63.43077
1742575339,16:42:20,69.5
1742575340,16:42:21,61
1742575341,16:42:22,63.18462
1742575342,16:42:23,77.925
1742575344,16:42:25,70.375
1742575345,16:42:26,72.5
1742575346,16:42:27,67.86
1742575347,16:42:28,73.15
1742575349,16:42:29,73.85
1742575350,16:42:30,61.30769
1742575351,16:42:31,62.50769
1742575352,16:42:32,61.83077
1742575353,16:42:33,64.81538
1742575355,16:42:35,68.44
1742575356,16:42:36,62.87692
1742575357,16:42:37,65.32
1742575358,16:42:39,76.275
1742575359,16:42:40,80
1742575360,16:42:41,64.53846
1742575361,16:42:42,71.075
1742575362,16:42:43,74.45
1742575363,16:42:44,68.48
1742575364,16:42:45,71.175
1742575365,16:42:46,66.78
1742575367,16:42:47,71.8
1742575368,16:42:48,79.25
1742575369,16:42:49,80
1742575370,16:42:50,70.1
1742575371,16:42:51,65.6
1742575372,16:42:52,71.7
1742575373,16:42:53,65.16
1742575374,16:42:54,72.475
1742575376,16:42:56,70.9
1742575377,16:42:57,64.93846
1742575378,16:42:58,66.58
1742575379,16:42:59,66.34
1742575380,16:43:00,68
1742575381,16:43:01,80
1742575382,16:43:02,70.375
1742575383,16:43:03,78.625
1742575384,16:43:05,76.35
1742575385,16:43:06,74.2
1742575386,16:43:07,74.125
1742575388,16:43:08,78.175
1742575389,16:43:09,63.43077
1742575390,16:43:10,80
1742575391,16:43:11,61.95385
1742575392,16:43:12,69.26
1742575393,16:43:13,74.775
1742575394,16:43:15,68.04
1742575395,16:43:16,69.88
1742575396,16:43:17,69.56
1742575397,16:43:18,63
1742575398,16:43:19,69.78
1742575399,16:43:20,69.48
1742575400,16:43:21,67.84
1742575401,16:43:22,70.45
1742575402,16:43:23,78.875
1742575403,16:43:24,69.88
1742575404,16:43:25,65.98
1742575405,16:43:26,69.96
1742575407,16:43:28,66.88
1742575409,16:43:29,64.63077
1742575410,16:43:30,69.98
1742575411,16:43:31,80
1742575412,16:43:32,70.45
1742575413,16:43:33,80
1742575414,16:43:34,65.64
1742575416,16:43:36,68.46
1742575417,16:43:37,70.475
1742575418,16:43:38,74.125
1742575419,16:43:39,71.475
1742575420,16:43:40,69.12
1742575421,16:43:41,65.26
1742575422,16:43:42,75.725
1742575423,16:43:43,61.21539
1742575424,16:43:44,76.25
1742575425,16:43:45,73.375
1742575426,16:43:46,67
1742575427,16:43:47,75.6
1742575428,16:43:48,78.525
1742575429,16:43:49,74.9
1742575430,16:43:50,74.75
1742575431,16:43:52,66.04
1742575432,16:43:53,71.2
1742575433,16:43:54,68.22
1742575434,16:43:55,62.78461
1742575435,16:43:56,80
1742575436,16:43:57,68.44
1742575437,16:43:58,69.12
1742575438,16:43:59,75.125
1742575440,16:44:00,66.26
1742575441,16:44:01,65.9
1742575442,16:44:02,65.28
1742575443,16:44:03,80
1742575444,16:44:04,68.62
1742575445,16:44:05,80
1742575446,16:44:06,75.25
1742575447,16:44:07,64.13846
1742575448,16:44:08,73.125
1742575450,16:44:10,76.6
1742575451,16:44:11,73.35
1742575452,16:44:12,74.9
1742575453,16:44:13,75.3
1742575454,16:44:14,80
1742575455,16:44:15,72.125
1742575456,16:44:16,78.05
1742575457,16:44:17,68.02
1742575458,16:44:18,77.425
1742575459,16:44:19,61.27692
1742575460,16:44:20,72.45
1742575461,16:44:21,73.15
1742575462,16:44:22,58.1
1742575463,16:44:23,77.675
1742575464,16:44:24,66.24
1742575465,16:44:25,62.69231
1742575466,16:44:26,73.3
1742575467,16:44:27,76
1742575468,16:44:28,70.425
1742575469,16:44:29,78.725
1742575470,16:44:30,80
1742575471,16:44:31,65.6
1742575472,16:44:32,79.975
1742575473,16:44:33,76.3
1742575474,16:44:34,71.35
1742575475,16:44:36,74.9
1742575477,16:44:37,69.46
1742575478,16:44:39,68.4
1742575479,16:44:40,73.925
1742575480,16:44:41,68.36
1742575481,16:44:42,77.525
1742575482,16:44:43,61.06154
1742575483,16:44:44,57.95
1742575484,16:44:45,67.02
1742575485,16:44:46,62.87692
1742575486,16:44:47,62.29231
1742575487,16:44:48,61.33846
1742575489,16:44:49,69.44
1742575490,16:44:50,64.93846
1742575491,16:44:51,61.76923
1742575492,16:44:52,70.5
1742575493,16:44:53,69.88
1742575494,16:44:54,57.8
1742575495,16:44:55,62.13846
1742575496,16:44:56,71.7
1742575497,16:44:57,66.36
1742575498,16:44:58,58.1
1742575499,16:44:59,62.63077
1742575500,16:45:00,68.26
1742575501,16:45:01,75.475
1742575502,16:45:02,65.9
1742575503,16:45:04,61.15385
1742575504,16:45:05,63.67692
1742575505,16:45:06,67.02
1742575506,16:45:07,79.725
1742575507,16:45:08,80
1742575508,16:45:09,74.75
1742575509,16:45:10,60.3
1742575510,16:45:11,68.28
1742575511,16:45:12,64.93846
1742575512,16:45:13,63.06154
1742575513,16:45:14,64.50769
1742575514,16:45:15,80
1742575515,16:45:16,70.875
1742575517,16:45:17,64.13846
1742575518,16:45:18,74.675
1742575519,16:45:19,80
1742575520,16:45:20,70.9
1742575521,16:45:21,65.82
1742575522,16:45:22,63.30769
1742575523,16:45:23,57.35
1742575525,16:45:25,71.3
1742575526,16:45:26,62.04615
1742575527,16:45:27,61.15385
1742575528,16:45:29,63.24615
1742575529,16:45:30,61.8
1742575530,16:45:31,68.8
1742575531,16:45:32,57.5
1742575532,16:45:33,61.98462
1742575533,16:45:34,64.2923
1742575534,16:45:35,65.38
1742575535,16:45:36,59.7
1742575536,16:45:37,72.075
1742575538,16:45:38,68.62
1742575539,16:45:39,65.56
1742575540,16:45:40,73.525
1742575541,16:45:41,63.46154
1742575542,16:45:42,65.54
1742575543,16:45:43,66.6
1742575544,16:45:44,66.84
1742575545,16:45:45,68.14
1742575546,16:45:46,65.8
1742575547,16:45:47,61.89231
1742575548,16:45:48,70.125
1742575549,16:45:49,65.98
1742575550,16:45:50,63.8
1742575551,16:45:51,64.01538
1742575552,16:45:52,65.2
1742575553,16:45:53,66.9
1742575554,16:45:54,66.7
1742575555,16:45:55,76.325
1742575556,16:45:56,66.26
1742575557,16:45:58,66.06
1742575558,16:45:59,75.675
1742575560,16:46:00,75.525
1742575561,16:46:01,60.8
1742575562,16:46:02,68.48
1742575563,16:46:03,64.81538
1742575564,16:46:04,67.24
1742575565,16:46:05,60.4
1742575566,16:46:06,80
1742575567,16:46:07,78.45
1742575568,16:46:08,70.425
1742575569,16:46:09,80
1742575570,16:46:10,60.9
1742575571,16:46:12,73.975
1742575572,16:46:13,64.53846
1742575573,16:46:14,68.14
1742575574,16:46:15,60.9
1742575575,16:46:16,76.55
1742575576,16:46:17,73.925
1742575577,16:46:18,70.65
1742575578,16:46:19,64.2
1742575579,16:46:20,63.27692
1742575581,16:46:21,70.1
1742575582,16:46:22,66.7
1742575583,16:46:23,80
1742575584,16:46:24,75.95
1742575585,16:46:25,72.65
1742575586,16:46:26,69.48
1742575587,16:46:27,66.52
1742575588,16:46:28,72.975
1742575589,16:46:29,67.52
1742575590,16:46:30,64.01538
1742575591,16:46:31,78.825
1742575592,16:46:32,63.95385
1742575593,16:46:34,67.08
1742575594,16:46:35,61.46154
1742575595,16:46:36,60.7
1742575596,16:46:37,66.62
1742575598,16:46:38,62.07692
1742575599,16:46:39,78.675
1742575600,16:46:40,77.725
1742575601,16:46:41,74.15
1742575602,16:46:42,71.95
1742575603,16:46:43,70.575
1742575604,16:46:44,79.225
1742575605,16:46:46,68.92
1742575606,16:46:47,80
1742575607,16:46:48,68.72
1742575608,16:46:49,67.96
1742575609,16:46:50,77.45
1742575610,16:46:51,73.625
1742575611,16:46:52,80
1742575612,16:46:53,71.575
1742575613,16:46:54,69.44
1742575614,16:46:55,63
1742575615,16:46:56,62.96923
1742575616,16:46:57,66.98
1742575617,16:46:58,62.81538
1742575618,16:46:59,59.1
1742575619,16:47:00,71.175
1742575621,16:47:01,67.1
1742575622,16:47:02,61.43077
1742575623,16:47:03,74.925
1742575624,16:47:04,79.825
1742575625,16:47:05,65.16
1742575626,16:47:06,78.75
1742575627,16:47:07,80
1742575628,16:47:08,78.175
1742575629,16:47:09,72.675
1742575630,16:47:10,80
1742575631,16:47:11,75.15
1742575632,16:47:12,73.35
1742575633,16:47:13,65.74
1742575634,16:47:14,64.63077
1742575635,16:47:16,66.24
1742575636,16:47:17,71.05
1742575637,16:47:18,79.025
1742575638,16:47:19,78.475
1742575639,16:47:20,80
1742575640,16:47:21,72.575
1742575641,16:47:22,75.675
1742575642,16:47:23,69.24
1742575643,16:47:24,67.54
1742575644,16:47:25,80
1742575645,16:47:26,72.825
1742575646,16:47:27,74.85
1742575648,16:47:28,63.83077
1742575649,16:47:29,78.425
1742575650,16:47:30,76.95
1742575651,16:47:31,66.98
1742575652,16:47:32,68.2
1742575653,16:47:33,68.98
1742575654,16:47:34,61
1742575655,16:47:35,60.3
1742575656,16:47:36,80
1742575657,16:47:38,70.9
1742575659,16:47:39,76.95
1742575660,16:47:40,65.46
1742575661,16:47:41,78.85
1742575662,16:47:42,72.075
1742575663,16:47:43,66.38
1742575664,16:47:44,77.45
1742575665,16:47:45,79.3
1742575666,16:47:47,76.775
1742575667,16:47:48,77.75
1742575668,16:47:49,76.025
1742575669,16:47:50,79.95
1742575670,16:47:51,65.06
1742575671,16:47:52,66.88
1742575672,16:47:53,63.43077
1742575673,16:47:54,77.325
1742575674,16:47:55,76
1742575675,16:47:56,67.66
1742575677,16:47:57,67.44
1742575678,16:47:58,61.89231
1742575679,16:47:59,73.65
1742575680,16:48:00,67.52
1742575681,16:48:01,67.88
1742575682,16:48:02,68.18
1742575683,16:48:03,66.9
1742575684,16:48:04,61.21539
1742575685,16:48:05,76.75
1742575686,16:48:06,55
1742575687,16:48:07,57.2
1742575688,16:48:08,75.525
1742575689,16:48:09,62.10769
1742575690,16:48:10,76.425
1742575691,16:48:11,59.1
1742575692,16:48:13,61.18462
1742575693,16:48:14,61.70769
1742575694,16:48:15,62.07692
1742575695,16:48:16,60.5
1742575696,16:48:17,77.375
1742575697,16:48:18,80
1742575698,16:48:19,66.16
1742575699,16:48:20,67.62
1742575700,16:48:21,67.8
1742575702,16:48:22,77.375
1742575703,16:48:23,68.18
1742575704,16:48:25,75.475
1742575706,16:48:26,61.24615
1742575707,16:48:27,76.55
1742575708,16:48:28,80
1742575709,16:48:29,75.725
1742575710,16:48:30,79.05
1742575711,16:48:31,74.325
1742575712,16:48:32,71.3
1742575713,16:48:33,80
1742575714,16:48:34,61.95385
1742575715,16:48:35,72.625
1742575716,16:48:36,72.1
1742575717,16:48:38,72.85
1742575718,16:48:39,74.075
1742575719,16:48:39,73.575
1742575720,16:48:40,61.06154
1742575721,16:48:41,61.36923
1742575722,16:48:42,66.52
1742575723,16:48:43,67.94
1742575724,16:48:44,69.04
1742575725,16:48:46,75.575
1742575726,16:48:46,57.2
1742575727,16:48:48,65.56
1742575728,16:48:49,66.1
1742575729,16:48:50,66.44
1742575731,16:48:51,70.275
1742575732,16:48:52,61.76923
1742575733,16:48:53,61.98462
1742575734,16:48:54,75.4
1742575735,16:48:55,68.9
1742575736,16:48:56,78
1742575737,16:48:57,68.7
1742575738,16:48:58,73.3
1742575739,16:48:59,67.5
1742575740,16:49:00,64.35384
1742575741,16:49:01,67.48
1742575742,16:49:02,65.74
1742575743,16:49:03,77.725
1742575744,16:49:04,70.325
1742575745,16:49:05,68.6
1742575746,16:49:06,64.90769
1742575747,16:49:07,72.5
1742575748,16:49:08,75.35
1742575749,16:49:09,59.7
1742575750,16:49:10,80
1742575751,16:49:11,65.58
1742575752,16:49:12,77.325
1742575753,16:49:14,73.6
1742575754,16:49:15,80
1742575755,16:49:16,78.5
1742575756,16:49:17,70.575
1742575757,16:49:18,65.86
1742575758,16:49:19,75.7
1742575759,16:49:20,58.85
1742575760,16:49:21,74.45
1742575762,16:49:22,61.92308
1742575763,16:49:23,64.13846
1742575764,16:49:24,64.75385
1742575765,16:49:25,72.675
1742575766,16:49:26,67.14
1742575767,16:49:27,75.3
1742575768,16:49:28,73.475
1742575769,16:49:29,74.9
1742575770,16:49:30,57.95
1742575771,16:49:31,80
1742575772,16:49:32,78.125
1742575773,16:49:33,64.47692
1742575774,16:49:34,62.63077
1742575775,16:49:35,70.475
1742575776,16:49:36,80
1742575777,16:49:37,71.275
1742575778,16:49:39,65.08
1742575780,16:49:40,65.22
1742575781,16:49:41,76.1
1742575782,16:49:42,78.175
1742575783,16:49:43,68.9
1742575784,16:49:44,76.9
1742575785,16:49:45,74.85
1742575786,16:49:46,62.07692
1742575787,16:49:47,68.3
1742575788,16:49:48,80
1742575789,16:49:49,76.875
1742575790,16:49:50,78.525
1742575791,16:49:51,79.5
1742575792,16:49:52,77.425
1742575793,16:49:53,74.575
1742575794,16:49:54,67.36
1742575795,16:49:55,59.1
1742575796,16:49:56,70.825
1742575797,16:49:58,80
1742575798,16:49:59,66.66
1742575799,16:50:00,73.575
1742575800,16:50:01,72.625
1742575802,16:50:02,66.02
1742575803,16:50:03,68.94
1742575804,16:50:04,71.9
1742575805,16:50:05,68.22
1742575806,16:50:06,74.275
1742575807,16:50:08,71.125
1742575808,16:50:09,78.6
1742575810,16:50:10,68.5
1742575811,16:50:11,62.41539
1742575812,16:50:12,80
1742575813,16:50:13,76.075
1742575814,16:50:14,76.675
1742575815,16:50:15,80
1742575816,16:50:16,78.675
1742575817,16:50:17,71.825
1742575818,16:50:18,70.9
1742575819,16:50:19,74.8
1742575820,16:50:20,61.33846
1742575821,16:50:21,65.32
1742575822,16:50:22,61.03077
1742575823,16:50:24,65.06
1742575824,16:50:25,80
1742575825,16:50:26,70.1
1742575826,16:50:27,75.4
1742575827,16:50:28,67.76
1742575828,16:50:29,79.45
1742575829,16:50:29,78.15
1742575830,16:50:30,74.375
1742575831,16:50:32,72.2
1742575832,16:50:33,66.18
1742575833,16:50:34,73.45
1742575834,16:50:35,62.75385
1742575835,16:50:36,79.05
1742575836,16:50:37,61.95385
1742575838,16:50:38,75.55
1742575839,16:50:39,71.175
1742575840,16:50:40,64.93846
1742575841,16:50:41,77.525
1742575842,16:50:42,62.04615
1742575843,16:50:43,80
1742575844,16:50:44,80
1742575845,16:50:45,62.63077
1742575846,16:50:46,78.425
1742575847,16:50:48,69.8
1742575848,16:50:49,70.775
1742575849,16:50:50,62.2
1742575850,16:50:51,78.575
1742575851,16:50:52,80
1742575852,16:50:53,71.725
1742575853,16:50:54,69.22
1742575854,16:50:55,65.58
1742575855,16:50:56,60.9
1742575857,16:50:57,80
1742575858,16:50:58,60.7
1742575859,16:50:59,62.90769
1742575860,16:51:00,80
1742575861,16:51:01,78.075
1742575862,16:51:02,80
1742575863,16:51:03,62.07692
1742575864,16:51:04,61.43077
1742575865,16:51:05,68.98
1742575866,16:51:06,65.58
1742575867,16:51:07,66.56
1742575868,16:51:08,66.52
1742575869,16:51:09,69.5
1742575870,16:51:10,69.34
1742575871,16:51:11,74.825
1742575872,16:51:13,62.63077
1742575873,16:51:14,73.45
1742575874,16:51:15,61
1742575875,16:51:16,73.925
1742575876,16:51:17,80
1742575877,16:51:18,63.76923
1742575878,16:51:19,72.85
1742575879,16:51:20,68.52
1742575880,16:51:21,65.1
1742575882,16:51:22,63.36923
1742575883,16:51:23,80
1742575885,16:51:25,68.9
1742575886,16:51:26,69.44
1742575887,16:51:27,67.92
1742575888,16:51:28,61.46154
1742575889,16:51:29,80
1742575890,16:51:30,63.03077
1742575891,16:51:32,76.5
1742575892,16:51:33,77.3
1742575893,16:51:34,71.7
1742575894,16:51:35,64.10769
1742575895,16:51:36,60.9
1742575896,16:51:37,68.02
1742575897,16:51:38,62.56923
1742575898,16:51:39,61.89231
1742575900,16:51:40,63.27692
1742575901,16:51:41,62.81538
1742575902,16:51:42,65.7
1742575903,16:51:43,61.03077
1742575904,16:51:44,60
1742575905,16:51:45,62.96923
1742575906,16:51:46,61.86154
1742575907,16:51:47,67.74
1742575908,16:51:49,63.46154
1742575909,16:51:50,61.4
1742575910,16:51:51,61.09231
1742575911,16:51:52,62.81538
1742575912,16:51:53,68.8
1742575913,16:51:54,63.15385
1742575914,16:51:55,58.1
1742575915,16:51:56,80
1742575917,16:51:57,75.05
1742575918,16:51:58,71.225
1742575919,16:51:59,77.925
1742575920,16:52:00,80
1742575921,16:52:01,69.42
1742575922,16:52:02,72.875
1742575923,16:52:03,61.95385
1742575924,16:52:04,79.9
1742575925,16:52:05,70.925
1742575926,16:52:06,66.26
1742575927,16:52:07,62.96923
1742575928,16:52:08,76.325
1742575929,16:52:09,62.53846
1742575930,16:52:10,79.275
1742575931,16:52:11,66.14
1742575932,16:52:12,72.05
1742575933,16:52:13,75.425
1742575934,16:52:15,69.22
1742575935,16:52:16,62.32308
1742575936,16:52:17,80
1742575937,16:52:18,70.9
1742575938,16:52:19,63.27692
1742575939,16:52:20,60
1742575940,16:52:21,64.93846
1742575941,16:52:22,76.95
1742575943,16:52:23,78.1
1742575944,16:52:24,61.95385
1742575945,16:52:25,70.225
1742575946,16:52:26,64.50769
1742575947,16:52:27,69.26
1742575948,16:52:28,77.3
1742575949,16:52:29,65.54
1742575950,16:52:30,71.85
1742575951,16:52:31,69.52
1742575952,16:52:32,62.81538
1742575953,16:52:33,67.42
1742575954,16:52:34,72.95
1742575955,16:52:35,65.8
1742575956,16:52:36,69.36
1742575957,16:52:37,62.07692
1742575958,16:52:38,59.4
1742575959,16:52:39,69.7
1742575961,16:52:41,76.45
1742575962,16:52:42,80
1742575963,16:52:43,80
1742575964,16:52:44,66.6
1742575965,16:52:45,68.82
1742575966,16:52:46,80
1742575967,16:52:47,72.5
1742575968,16:52:48,71.575
1742575969,16:52:50,80
1742575970,16:52:51,62.78461
1742575971,16:52:52,71.7
1742575972,16:52:53,69.48
1742575973,16:52:54,70.25
1742575974,16:52:55,63.76923
1742575975,16:52:56,70.85
1742575976,16:52:57,65.52
1742575977,16:52:58,72.325
1742575978,16:52:59,64.16923
1742575979,16:53:00,66.22
1742575980,16:53:01,66.22
1742575981,16:53:02,65.46
1742575982,16:53:03,62.13846
1742575984,16:53:04,80
1742575985,16:53:05,75.425
1742575986,16:53:06,76.8
1742575987,16:53:07,71.275
1742575988,16:53:08,80
1742575989,16:53:09,72.975
1742575990,16:53:10,69.2
1742575991,16:53:11,80
1742575992,16:53:12,73.175
1742575993,16:53:13,80
1742575994,16:53:14,63
1742575995,16:53:15,62.87692
1742575996,16:53:16,80
1742575997,16:53:18,80
1742575998,16:53:19,67.02
1742575999,16:53:20,64.2923
1742576001,16:53:21,76.05
1742576002,16:53:22,65.96
1742576003,16:53:24,79.8
1742576004,16:53:25,79.325
1742576005,16:53:26,70.075
1742576006,16:53:27,77.75
1742576007,16:53:28,73.375
1742576008,16:53:29,78.875
1742576009,16:53:30,80
1742576010,16:53:31,78.075
1742576011,16:53:32,80
1742576012,16:53:33,73.675
1742576013,16:53:34,64.78461
1742576014,16:53:35,59.8
1742576015,16:53:36,74.1
1742576016,16:53:37,80
1742576017,16:53:38,79.05
1742576018,16:53:39,66.58
1742576020,16:53:40,80
1742576021,16:53:41,66.56
1742576022,16:53:42,74.55
1742576023,16:53:43,80
1742576024,16:53:44,80
1742576025,16:53:45,77.625
1742576026,16:53:46,80
1742576027,16:53:47,67.48
1742576028,16:53:48,67.98
1742576029,16:53:50,79.725
1742576030,16:53:51,66.06
1742576031,16:53:52,80
1742576032,16:53:53,70.4
1742576033,16:53:54,80
1742576034,16:53:55,63.95385
1742576035,16:53:56,72.475
1742576037,16:53:57,80
1742576038,16:53:58,70.35
1742576039,16:53:59,78.025
1742576040,16:54:00,78.525
1742576041,16:54:01,65.96
1742576042,16:54:02,69.3
1742576043,16:54:03,66.88
1742576044,16:54:04,68.18
1742576045,16:54:05,63.95385
1742576046,16:54:06,68.5
1742576047,16:54:07,80
1742576048,16:54:08,61.12308
1742576049,16:54:09,69.78
1742576050,16:54:10,71.325
1742576051,16:54:11,59.2
1742576052,16:54:12,78.9
1742576053,16:54:13,75.775
1742576054,16:54:14,68.16
1742576055,16:54:15,66.02
1742576056,16:54:17,69.24
1742576057,16:54:18,60.5
1742576058,16:54:19,71.375
1742576059,16:54:20,60.5
1742576060,16:54:21,65.18
1742576061,16:54:22,76.225
1742576062,16:54:23,68.74
1742576065,16:54:25,74.75
1742576066,16:54:26,70.425
1742576067,16:54:27,74.225
1742576068,16:54:28,69.14
1742576069,16:54:29,77.475
1742576070,16:54:30,65.54
1742576071,16:54:31,63.24615
1742576072,16:54:32,67.34
1742576073,16:54:34,69.56
1742576074,16:54:35,66.6
1742576075,16:54:36,71.2
1742576076,16:54:37,80
1742576077,16:54:38,76.625
1742576078,16:54:39,63.46154
1742576079,16:54:40,73.3
1742576080,16:54:41,72.925
1742576082,16:54:42,65.48
1742576083,16:54:43,71
1742576084,16:54:44,70.55
1742576085,16:54:45,79.975
1742576086,16:54:46,80
1742576087,16:54:47,80
1742576088,16:54:48,74.725
1742576089,16:54:50,70.5
1742576090,16:54:51,68.98
1742576091,16:54:52,61.06154
1742576092,16:54:53,69.66
1742576093,16:54:54,77.375
1742576094,16:54:55,74.175
1742576095,16:54:56,64.04615
1742576096,16:54:56,74.525
1742576097,16:54:57,72.375
1742576098,16:54:59,67.66
1742576099,16:55:00,80
1742576100,16:55:01,68.6
1742576101,16:55:02,66.14
1742576102,16:55:03,72.5
1742576103,16:55:04,78.875
1742576104,16:55:05,72.625
1742576105,16:55:06,80
1742576106,16:55:07,80
1742576107,16:55:08,68.6
1742576108,16:55:09,63.98462
1742576109,16:55:10,63
1742576111,16:55:11,65.1
1742576112,16:55:12,69.32
1742576113,16:55:13,70.575
1742576114,16:55:14,71.375
1742576115,16:55:15,77.175
1742576116,16:55:16,79.875
1742576117,16:55:17,80
1742576118,16:55:18,68.42
1742576119,16:55:19,71.55
1742576120,16:55:20,73.175
1742576121,16:55:21,80
1742576122,16:55:22,67.8
1742576123,16:55:24,71.775
1742576124,16:55:25,74.25
1742576125,16:55:26,66.02
1742576126,16:55:27,59.7
1742576127,16:55:28,70.15
1742576128,16:55:29,74.15
1742576129,16:55:30,80
1742576130,16:55:31,77.575
1742576131,16:55:32,75.55
1742576132,16:55:33,69.64
1742576133,16:55:34,70.925
1742576134,16:55:35,67.64
1742576136,16:55:37,76.775
1742576137,16:55:38,69.06
1742576138,16:55:39,72.275
1742576139,16:55:40,62.96923
1742576141,16:55:41,76.775
1742576143,16:55:43,63.24615
1742576144,16:55:44,75.55
1742576145,16:55:46,61.33846
1742576146,16:55:47,78.45
1742576147,16:55:48,76.975
1742576148,16:55:49,68.6
1742576149,16:55:50,62.96923
1742576150,16:55:51,61.18462
1742576152,16:55:52,77.85
1742576153,16:55:53,61.83077
1742576154,16:55:55,78.5
1742576155,16:55:56,65.22
1742576156,16:55:57,67.96
1742576158,16:55:58,66.42
1742576159,16:55:59,70.45
1742576160,16:56:00,62.53846
1742576161,16:56:01,75.825
1742576162,16:56:02,79.3
1742576163,16:56:03,63.03077
1742576164,16:56:04,66.68
1742576165,16:56:05,70.575
1742576166,16:56:06,65.5
1742576167,16:56:07,74.25
1742576168,16:56:08,69.18
1742576169,16:56:09,78.375
1742576170,16:56:10,79.7
1742576171,16:56:11,75.875
1742576172,16:56:12,75.4
1742576173,16:56:14,71.525
1742576175,16:56:15,79.925
1742576176,16:56:16,65.62
1742576177,16:56:17,67.82
1742576178,16:56:18,80
1742576179,16:56:19,61.8
1742576180,16:56:20,66.58
1742576181,16:56:21,66.86
1742576182,16:56:22,80
1742576183,16:56:23,76.475
1742576184,16:56:24,76.375
1742576185,16:56:25,68.9
1742576186,16:56:27,75.825
1742576187,16:56:28,80
1742576188,16:56:29,77.175
1742576189,16:56:30,75.325
1742576190,16:56:30,75.675
1742576191,16:56:31,65.56
1742576192,16:56:32,68.86
1742576193,16:56:34,73.3
1742576194,16:56:35,65.86
1742576195,16:56:36,78.75
1742576196,16:56:37,78.2
1742576197,16:56:38,63.46154
1742576198,16:56:39,79.825
1742576199,16:56:40,69.72
1742576200,16:56:41,78.625
1742576201,16:56:42,70.4
1742576203,16:56:43,66.02
1742576204,16:56:44,70.475
1742576205,16:56:45,62.63077
1742576206,16:56:46,69.12
1742576207,16:56:47,80
1742576208,16:56:48,78.625
1742576209,16:56:49,71.1
1742576210,16:56:50,65.3
1742576211,16:56:51,66.7
1742576212,16:56:52,68.52
1742576213,16:56:53,74.65
1742576214,16:56:54,73.95
1742576215,16:56:55,68.98
1742576216,16:56:56,76.875
1742576217,16:56:58,71.475
1742576218,16:56:59,68.36
1742576219,16:57:00,72.025
1742576220,16:57:01,80
1742576221,16:57:02,67.82
1742576222,16:57:03,66.88
1742576223,16:57:04,71.375
1742576224,16:57:05,62.38462
1742576225,16:57:06,73.3
1742576227,16:57:07,64.16923
1742576228,16:57:08,66.2
1742576229,16:57:09,69.9
1742576230,16:57:10,76.9
1742576231,16:57:11,65.5
1742576232,16:57:12,69.18
1742576233,16:57:13,65.38
1742576234,16:57:14,63.52308
1742576235,16:57:15,75.6
1742576236,16:57:16,64.35384
1742576237,16:57:17,66.38
1742576238,16:57:18,72.625
1742576239,16:57:19,70.225
1742576240,16:57:20,74.5
1742576241,16:57:21,73.125
1742576242,16:57:22,73.325
1742576243,16:57:23,70.775
1742576244,16:57:26,73.175
1742576246,16:57:27,77.3
1742576247,16:57:28,68.68
1742576248,16:57:29,73.475
1742576249,16:57:30,64.78461
1742576250,16:57:31,68.8
1742576251,16:57:32,73.3
1742576253,16:57:33,71.075
1742576254,16:57:34,70.675
1742576255,16:57:35,64.16923
1742576256,16:57:36,62.96923
1742576257,16:57:37,69.7
1742576258,16:57:38,71.175
1742576259,16:57:39,77.3
1742576260,16:57:40,67.54
1742576261,16:57:41,65.28
1742576262,16:57:42,61.92308
1742576263,16:57:43,73.675
1742576264,16:57:44,64.93846
1742576265,16:57:45,72.95
1742576266,16:57:46,79
1742576267,16:57:47,65
1742576268,16:57:48,58.7
1742576269,16:57:49,58.1
1742576270,16:57:50,68.88
1742576271,16:57:51,64.69231
1742576272,16:57:52,65.46
1742576273,16:57:53,70.175
1742576274,16:57:54,65.82
1742576275,16:57:55,66.76
1742576276,16:57:56,74.625
1742576277,16:57:57,78.15
1742576278,16:57:58,77.175
1742576279,16:57:59,76.675
1742576280,16:58:00,65.34
1742576281,16:58:01,67.3
1742576282,16:58:02,72.175
1742576283,16:58:03,77.425
1742576284,16:58:04,70.925
1742576285,16:58:05,75.225
1742576286,16:58:06,70.5
1742576287,16:58:07,74.85
1742576288,16:58:09,80
1742576289,16:58:10,72.775
1742576291,16:58:11,74.1
1742576292,16:58:12,73.15
1742576293,16:58:14,73.95
1742576294,16:58:15,68.38
1742576295,16:58:16,69.16
1742576296,16:58:17,67.66
1742576297,16:58:18,76.075
1742576298,16:58:19,73.875
1742576299,16:58:20,78.1
1742576300,16:58:21,79.55
1742576301,16:58:22,68.4
1742576302,16:58:23,68.5
1742576303,16:58:24,67.8
1742576304,16:58:25,64.44615
1742576306,16:58:26,61.21539
1742576307,16:58:27,75.7
1742576308,16:58:28,71.025
1742576309,16:58:29,78.9
1742576310,16:58:30,67.16
1742576311,16:58:31,72.1
1742576312,16:58:32,69.22
1742576313,16:58:33,70.625
1742576314,16:58:34,68.16
1742576315,16:58:35,72.1
1742576316,16:58:36,64.75385
1742576317,16:58:37,70.775
1742576318,16:58:38,70.225
1742576319,16:58:39,80
1742576320,16:58:40,80
1742576321,16:58:41,66.4
1742576322,16:58:42,69.1
1742576324,16:58:44,75.55
1742576325,16:58:45,69.86
1742576326,16:58:46,80
1742576327,16:58:47,73.575
1742576328,16:58:48,75.675
1742576329,16:58:49,69.88
1742576330,16:58:50,78.075
1742576331,16:58:51,73.15
1742576332,16:58:52,74.025
1742576333,16:58:53,64.93846
1742576334,16:58:55,65.28
1742576335,16:58:55,67.52
1742576336,16:58:56,76.425
1742576337,16:58:57,75.625
1742576338,16:58:58,71.875
1742576339,16:58:59,78.1
1742576340,16:59:01,72.5
1742576341,16:59:02,76.65
1742576342,16:59:03,78.125
1742576343,16:59:04,62.81538
1742576344,16:59:05,66.88
1742576345,16:59:06,66.6
1742576346,16:59:07,65.98
1742576347,16:59:08,76.325
1742576348,16:59:09,66.56
1742576349,16:59:10,63.67692
1742576350,16:59:11,72.55
1742576351,16:59:12,65.26
1742576352,16:59:13,75.425
1742576354,16:59:14,76.075
1742576355,16:59:16,72.075
1742576357,16:59:17,69.26
1742576358,16:59:18,68.88
1742576359,16:59:19,61.98462
1742576360,16:59:20,61.92308
1742576361,16:59:22,62.32308
1742576362,16:59:23,62.90769
1742576363,16:59:24,68.3
1742576365,16:59:25,63.61538
1742576366,16:59:26,67.52
1742576367,16:59:27,74.225
1742576368,16:59:28,66.88
1742576369,16:59:29,73.025
1742576370,16:59:30,69.44
1742576371,16:59:31,68.5
1742576372,16:59:32,65.58
1742576373,16:59:33,74.9
1742576374,16:59:34,75.3
1742576375,16:59:35,66.2
1742576376,16:59:36,65.6
1742576377,16:59:37,65.2
1742576378,16:59:38,66.76
1742576379,16:59:39,66.54
1742576380,16:59:41,77.375
1742576381,16:59:41,68.58
1742576382,16:59:43,67.7
1742576383,16:59:44,64.93846
1742576384,16:59:44,76.825
1742576385,16:59:45,80
1742576386,16:59:46,68
1742576387,16:59:47,66.12
1742576388,16:59:48,58.55
1742576389,16:59:50,66.58
1742576390,16:59:51,61.76923
1742576392,16:59:52,67.08
1742576393,16:59:53,71.7
1742576394,16:59:54,71.275
1742576395,16:59:56,67.9
1742576397,16:59:57,74.05
1742576398,16:59:58,73.425
1742576399,16:59:59,76.9
1742576400,17:00:00,78.875
1742576401,17:00:01,68.22
1742576402,17:00:02,66.32
1742576403,17:00:03,69.96
1742576404,17:00:04,71.075
1742576405,17:00:05,74.475
1742576406,17:00:06,69.12
1742576407,17:00:08,79.15
1742576408,17:00:08,72.5
1742576409,17:00:10,69.72
1742576410,17:00:11,69.96
1742576411,17:00:11,62.96923
1742576412,17:00:13,70.775
1742576413,17:00:14,76.45
1742576414,17:00:15,62.38462
1742576415,17:00:16,66.88
1742576416,17:00:17,64.93846
1742576417,17:00:18,72.025
1742576418,17:00:19,71.675
1742576419,17:00:20,74.65
1742576420,17:00:21,69.7
1742576422,17:00:22,68.62
1742576423,17:00:23,80
1742576424,17:00:26,80
1742576426,17:00:27,77.35
1742576428,17:00:28,73.925
1742576429,17:00:29,77.175
1742576430,17:00:30,74.6
1742576431,17:00:31,71.025
1742576432,17:00:32,67.94
1742576433,17:00:33,64.10769
1742576434,17:00:34,67.54
1742576435,17:00:35,66.66
1742576436,17:00:36,70.875
1742576437,17:00:37,68.44
1742576438,17:00:38,77.675
1742576439,17:00:39,77.375
1742576440,17:00:40,80
1742576441,17:00:41,62.01538
1742576442,17:00:42,80
1742576443,17:00:44,71.25
1742576445,17:00:45,65.88
1742576446,17:00:46,80
1742576447,17:00:48,72.575
1742576448,17:00:49,72.65
1742576449,17:00:50,76.125
1742576451,17:00:51,69.4
1742576452,17:00:52,79.575
1742576453,17:00:54,75.425
1742576454,17:00:55,69.22
1742576455,17:00:56,73.875
1742576456,17:00:57,64.41538
1742576457,17:00:58,66.8
1742576458,17:00:59,72.275
1742576459,17:01:00,76.075
1742576460,17:01:01,74.325
1742576461,17:01:02,71.7
1742576463,17:01:03,69.56
1742576464,17:01:04,65.52
1742576465,17:01:05,75.3
1742576466,17:01:06,70.775
1742576467,17:01:07,72.625
1742576468,17:01:08,74.525
1742576469,17:01:09,72.175
1742576470,17:01:10,72.125
1742576471,17:01:11,79.25
1742576472,17:01:12,75.625
1742576473,17:01:13,66.7
1742576474,17:01:14,73.675
1742576475,17:01:16,67.56
1742576476,17:01:17,73.625
1742576477,17:01:18,75.45
1742576478,17:01:19,68.5
1742576480,17:01:20,63.24615
1742576481,17:01:21,70.95
1742576482,17:01:22,65.48
1742576483,17:01:23,68.6
1742576484,17:01:24,66.38
1742576485,17:01:25,63.18462
1742576486,17:01:26,76.4
1742576487,17:01:27,69.82
1742576488,17:01:28,66.5
1742576489,17:01:29,72.65
1742576490,17:01:30,70.675
1742576491,17:01:31,60.7
1742576492,17:01:32,52.33333
1742576493,17:01:33,63.95385
1742576494,17:01:34,71.75
1742576495,17:01:35,70.975
1742576496,17:01:36,71.4
1742576497,17:01:37,70.1
1742576498,17:01:38,67.26
1742576499,17:01:39,77.05
1742576500,17:01:40,69.02
1742576501,17:01:42,64.72308
1742576502,17:01:43,63.64615
1742576503,17:01:44,76.5
1742576504,17:01:45,55.5
1742576506,17:01:46,71.25
1742576507,17:01:47,65.6
1742576508,17:01:48,70.775
1742576509,17:01:49,61.30769
1742576510,17:01:51,69.66
1742576511,17:01:52,70.975
1742576512,17:01:53,63.95385
1742576513,17:01:54,61.89231
1742576514,17:01:55,70.675
1742576515,17:01:56,60
1742576516,17:01:57,61.70769
1742576517,17:01:58,67.82
1742576518,17:01:59,67.78
1742576519,17:02:00,78.9
1742576520,17:02:01,68.8
1742576522,17:02:03,74.825
1742576523,17:02:04,67.82
1742576524,17:02:05,64.75385
1742576525,17:02:06,62.01538
1742576526,17:02:07,63.24615
1742576527,17:02:08,74.475
1742576528,17:02:09,69.44
1742576529,17:02:10,72.825
1742576530,17:02:11,75.925
1742576531,17:02:12,65.24
1742576532,17:02:13,72.975
1742576533,17:02:14,66.98
1742576534,17:02:15,69.3
1742576535,17:02:16,77.65
1742576537,17:02:18,62.47692
1742576538,17:02:19,75.7
1742576539,17:02:20,64.93846
1742576540,17:02:21,61
1742576541,17:02:22,69.06
1742576542,17:02:23,76.5
1742576543,17:02:24,65.98
1742576545,17:02:26,66.46
1742576546,17:02:27,69.9
1742576547,17:02:28,72.025
1742576549,17:02:29,80
1742576550,17:02:30,78.525
1742576551,17:02:32,70.1
1742576552,17:02:33,80
1742576553,17:02:34,67.44
1742576554,17:02:35,68.54
1742576555,17:02:36,63.64615
1742576557,17:02:37,66.84
1742576558,17:02:38,62.26154
1742576559,17:02:39,68.8
1742576560,17:02:40,64.63077
1742576561,17:02:41,69.58
1742576562,17:02:42,73.075
1742576563,17:02:43,67.06
1742576564,17:02:44,76
1742576565,17:02:45,62.44616
1742576566,17:02:46,74.9
1742576567,17:02:47,69.1
1742576568,17:02:48,73.425
1742576569,17:02:49,64.84615
1742576570,17:02:50,72.65
1742576571,17:02:51,77.225
1742576572,17:02:52,71.525
1742576573,17:02:54,65.66
1742576574,17:02:55,66.06
1742576575,17:02:56,74.65
1742576576,17:02:57,80
1742576577,17:02:58,66.26
1742576578,17:02:59,67.06
1742576579,17:03:00,69.06
1742576580,17:03:01,65.7
1742576581,17:03:02,77.325
1742576582,17:03:03,70.825
1742576583,17:03:04,69.2
1742576584,17:03:05,71.675
1742576585,17:03:06,65.28
1742576586,17:03:07,72.375
1742576587,17:03:08,74.475
1742576588,17:03:09,73.3
1742576590,17:03:10,70.2
1742576591,17:03:11,79.925
1742576592,17:03:12,70.25
1742576593,17:03:13,68.62
1742576594,17:03:14,78.275
1742576595,17:03:15,69.42
1742576596,17:03:16,70.475
1742576597,17:03:17,75.25
1742576598,17:03:18,71.75
1742576599,17:03:19,62.38462
1742576600,17:03:20,67.52
1742576601,17:03:21,65.68
1742576602,17:03:22,74.15
1742576603,17:03:23,67.24
1742576604,17:03:26,77.75
1742576607,17:03:27,64.07692
1742576608,17:03:28,72.625
1742576609,17:03:29,69.74
1742576610,17:03:30,70.15
1742576611,17:03:31,72.55
1742576612,17:03:32,75.325
1742576613,17:03:33,70.025
1742576614,17:03:35,68.48
1742576616,17:03:36,70.375
1742576617,17:03:37,79.95
1742576618,17:03:38,70.35
1742576619,17:03:39,65.56
1742576620,17:03:40,62.84615
1742576621,17:03:41,74.675
1742576622,17:03:42,68.16
1742576623,17:03:43,66.94
1742576624,17:03:44,75.65
1742576625,17:03:45,79.025
1742576626,17:03:46,69.64
1742576627,17:03:47,75.925
1742576628,17:03:48,65.32
1742576629,17:03:49,66.52
1742576630,17:03:51,66.56
1742576632,17:03:52,67.38
1742576633,17:03:53,72.425
1742576634,17:03:54,65.1
1742576635,17:03:55,68.54
1742576636,17:03:56,65.86
1742576637,17:03:57,63.76923
1742576638,17:03:58,69.22
1742576639,17:03:59,77.225
1742576640,17:04:00,76.75
1742576641,17:04:01,75.7
1742576642,17:04:02,76.85
1742576643,17:04:03,69.9
1742576644,17:04:04,64.35384
1742576645,17:04:05,78.375
1742576646,17:04:06,79.625
1742576647,17:04:07,75.575
1742576648,17:04:08,76.5
1742576649,17:04:09,74.825
1742576650,17:04:11,80
1742576651,17:04:11,78.9
1742576652,17:04:12,72.35
1742576653,17:04:13,74.075
1742576654,17:04:14,80
1742576655,17:04:15,79.475
1742576656,17:04:16,69.4
1742576657,17:04:17,67.2
1742576658,17:04:18,71.675
1742576659,17:04:19,69.26
1742576660,17:04:21,61.12308
1742576661,17:04:22,68.92
1742576662,17:04:23,70.775
1742576663,17:04:24,71.3
1742576664,17:04:25,74.55
1742576665,17:04:26,68.68
1742576666,17:04:27,68.44
1742576667,17:04:28,74.05
1742576669,17:04:29,72.1
1742576670,17:04:30,63
1742576671,17:04:31,76.15
1742576672,17:04:32,71.7
1742576673,17:04:33,76.5
1742576674,17:04:34,80
1742576675,17:04:36,73.15
1742576676,17:04:36,63.36923
1742576677,17:04:37,78.625
1742576678,17:04:38,77.575
1742576679,17:04:39,73.675
1742576680,17:04:40,75.525
1742576681,17:04:41,68.16
1742576682,17:04:42,73
1742576683,17:04:43,75.375
1742576684,17:04:44,66.88
1742576685,17:04:45,80
1742576687,17:04:47,80
1742576688,17:04:48,77.65
1742576689,17:04:49,72.575
1742576690,17:04:50,62.81538
1742576691,17:04:51,76.275
1742576692,17:04:52,63.03077
1742576693,17:04:53,67.42
1742576694,17:04:55,65.66
1742576695,17:04:56,80
1742576696,17:04:57,71.125
1742576697,17:04:58,68.04
1742576698,17:04:59,71.4
1742576699,17:05:00,68.8
1742576700,17:05:01,63.8
1742576701,17:05:02,68.8
1742576702,17:05:03,69.9
1742576703,17:05:04,69.26
1742576704,17:05:05,72.925
1742576705,17:05:06,64.63077
1742576706,17:05:07,80
1742576708,17:05:08,79.225
1742576709,17:05:09,80
1742576710,17:05:10,64.44615
1742576711,17:05:11,70.625
1742576712,17:05:12,80
1742576713,17:05:13,80
1742576714,17:05:14,68.02
1742576715,17:05:15,72.575
1742576716,17:05:16,76.05
1742576717,17:05:17,66.26
1742576718,17:05:18,69.88
1742576719,17:05:19,69.96
1742576720,17:05:21,64.47692
1742576721,17:05:22,77.45
1742576722,17:05:23,75.375
1742576723,17:05:24,64.07692
1742576724,17:05:24,73.025
1742576725,17:05:25,73.425
1742576726,17:05:27,75.625
1742576727,17:05:27,69.9
1742576728,17:05:29,72.825
1742576729,17:05:29,71.7
1742576730,17:05:30,78.9
1742576731,17:05:31,75.25
1742576732,17:05:33,79.725
1742576733,17:05:34,65.46
1742576734,17:05:35,68.04
1742576736,17:05:36,68.26
1742576737,17:05:37,76.6
1742576738,17:05:38,68.62
1742576739,17:05:39,64.2923
1742576740,17:05:40,63.30769
1742576741,17:05:41,79.075
1742576742,17:05:42,76.575
1742576743,17:05:43,80
1742576744,17:05:44,47.86364
1742576745,17:05:45,68.44
1742576746,17:05:46,63.4
1742576748,17:05:48,73.3
1742576749,17:05:50,75.375
1742576751,17:05:52,67.54
1742576752,17:05:53,74.525
1742576753,17:05:54,77.35
1742576754,17:05:55,67.26
1742576755,17:05:56,68.18
1742576756,17:05:57,72.525
1742576757,17:05:58,67.54
1742576758,17:05:59,72.675
1742576760,17:06:00,71.075
1742576761,17:06:01,66.24
1742576762,17:06:02,78.375
1742576763,17:06:04,74.55
1742576764,17:06:05,75.3
1742576766,17:06:06,70.425
1742576767,17:06:07,78.825
1742576768,17:06:08,80
1742576769,17:06:09,80
1742576770,17:06:10,80
1742576771,17:06:11,80
1742576772,17:06:12,63.86154
1742576773,17:06:13,80
1742576774,17:06:14,75.875
1742576775,17:06:15,78.1
1742576776,17:06:16,70.525
1742576777,17:06:18,79.25
1742576778,17:06:19,69.58
1742576779,17:06:20,77.875
1742576780,17:06:21,76.35
1742576781,17:06:22,73.375
1742576782,17:06:23,78.225
1742576783,17:06:24,79.375
1742576785,17:06:26,80
1742576787,17:06:27,74.65
1742576788,17:06:28,80
1742576789,17:06:29,80
1742576790,17:06:30,71.95
1742576791,17:06:31,73.325
1742576792,17:06:32,67.12
1742576793,17:06:33,70.9
1742576794,17:06:34,78.275
1742576795,17:06:35,80
1742576796,17:06:36,80
1742576797,17:06:37,75.825
1742576798,17:06:39,73.3
1742576799,17:06:40,70.125
1742576800,17:06:41,77.675
1742576801,17:06:42,78.25
1742576802,17:06:43,76.175
1742576803,17:06:44,74.75
1742576804,17:06:45,67.46
1742576805,17:06:46,75.3
1742576806,17:06:47,71.825
1742576808,17:06:48,80
1742576809,17:06:49,74.85
1742576810,17:06:50,69.96
1742576811,17:06:51,63.55384
1742576812,17:06:52,73.475
1742576813,17:06:54,77.3
1742576814,17:06:55,66.04
1742576815,17:06:56,68.9
1742576816,17:06:57,80
1742576817,17:06:58,79.975
1742576818,17:06:59,80
1742576819,17:07:00,69.86
1742576820,17:07:01,66.88
1742576821,17:07:02,72.325
1742576822,17:07:03,72.175
1742576824,17:07:04,73.225
1742576825,17:07:05,74.575
1742576826,17:07:06,68.76
1742576827,17:07:08,73.675
1742576828,17:07:09,68.78
1742576829,17:07:10,80
1742576830,17:07:11,74.9
1742576832,17:07:12,73.975
1742576833,17:07:13,77.7
1742576834,17:07:14,77.225
1742576835,17:07:15,70.975
1742576836,17:07:16,74.1
1742576837,17:07:18,68.24
1742576838,17:07:19,72.525
1742576839,17:07:20,67.34
1742576841,17:07:21,72.875
1742576842,17:07:22,78.1
1742576843,17:07:23,65.88
1742576844,17:07:24,74.75
1742576845,17:07:25,71.325
1742576846,17:07:26,68.92
1742576847,17:07:27,76.5
1742576848,17:07:28,65.96
1742576849,17:07:29,61.43077
1742576850,17:07:30,72.8
1742576851,17:07:31,80
1742576852,17:07:32,70.075
1742576853,17:07:33,67.84
1742576854,17:07:34,80
1742576855,17:07:35,75.675
1742576856,17:07:36,63.4
1742576857,17:07:37,66.26
1742576858,17:07:38,80
1742576859,17:07:39,80
1742576860,17:07:40,71.675
1742576861,17:07:41,63.43077
1742576862,17:07:42,71.725
1742576863,17:07:43,72.65
1742576864,17:07:44,80
1742576865,17:07:45,75.25
1742576866,17:07:46,77.825
1742576867,17:07:47,78.525
1742576868,17:07:48,68.16
1742576869,17:07:49,66.42
1742576870,17:07:50,72.4
1742576871,17:07:51,69.12
1742576872,17:07:52,69.92
1742576873,17:07:53,72.725
1742576874,17:07:54,69.12
1742576875,17:07:55,64.10769
1742576876,17:07:56,79.225
1742576877,17:07:57,80
1742576878,17:07:58,77.325
1742576879,17:07:59,68.1
1742576880,17:08:01,65.14
1742576881,17:08:02,80
1742576882,17:08:03,80
1742576884,17:08:04,76.575
1742576885,17:08:05,73.425
1742576886,17:08:06,65.74
1742576887,17:08:07,68.2
1742576888,17:08:08,75.3
1742576889,17:08:09,70.5
1742576890,17:08:10,78.825
1742576891,17:08:11,80
1742576892,17:08:12,77.375
1742576893,17:08:13,80
1742576894,17:08:14,75.175
1742576895,17:08:15,76.125
1742576896,17:08:16,80
1742576897,17:08:17,74.275
1742576898,17:08:18,71.175
1742576899,17:08:19,66.22
1742576900,17:08:20,66.24
1742576901,17:08:21,68.76
1742576902,17:08:23,64.01538
1742576903,17:08:24,66.86
1742576904,17:08:25,76.175
1742576905,17:08:26,67.6
1742576906,17:08:27,68.16
1742576907,17:08:28,69.14
1742576908,17:08:29,79.525
1742576909,17:08:30,76.125
1742576911,17:08:31,74.975
1742576912,17:08:32,68.28
1742576913,17:08:33,78.975
1742576914,17:08:34,76.575
1742576915,17:08:35,70.875
1742576916,17:08:36,61.83077
1742576917,17:08:37,57.2
1742576918,17:08:38,74.125
1742576919,17:08:39,66
1742576920,17:08:40,61.15385
1742576921,17:08:41,66.34
1742576922,17:08:42,74.125
1742576923,17:08:43,63.46154
1742576924,17:08:45,76.225
1742576925,17:08:45,70.5
1742576926,17:08:46,66.6
1742576927,17:08:47,73.175
1742576929,17:08:49,78.775
1742576930,17:08:50,78.125
1742576931,17:08:51,66.78
1742576932,17:08:52,77.475
1742576933,17:08:53,69.06
1742576934,17:08:54,59.9
1742576935,17:08:55,63.24615
1742576936,17:08:56,66.14
1742576937,17:08:57,68.92
1742576938,17:08:58,63.49231
1742576939,17:08:59,63.92308
1742576940,17:09:00,70.375
1742576941,17:09:01,69.74
1742576942,17:09:02,79.425
1742576943,17:09:03,74.525
1742576944,17:09:04,66.24
1742576945,17:09:05,75.3
1742576946,17:09:06,62.69231
1742576947,17:09:07,65.06
1742576948,17:09:08,72.45
1742576949,17:09:09,68.66
1742576950,17:09:10,66.76
1742576951,17:09:11,63.86154
1742576952,17:09:12,68.02
1742576953,17:09:13,76.775
1742576954,17:09:14,77.225
1742576955,17:09:15,72.4
1742576956,17:09:16,74.45
1742576957,17:09:17,73.15
1742576958,17:09:18,72.625
1742576959,17:09:19,67.88
1742576960,17:09:20,63.15385
1742576961,17:09:21,77.775
1742576962,17:09:23,76.5
1742576963,17:09:24,70.175
1742576964,17:09:25,70.9
1742576966,17:09:27,61.46154
1742576967,17:09:28,70.175
1742576968,17:09:29,76.375
1742576970,17:09:30,66.96
1742576971,17:09:31,80
1742576972,17:09:32,72.1
1742576973,17:09:33,70.475
1742576974,17:09:34,66.18
1742576975,17:09:35,72.25
1742576976,17:09:36,68.94
1742576977,17:09:37,65.18
1742576978,17:09:38,64.56923
1742576979,17:09:39,65.64
1742576980,17:09:40,70.5
1742576981,17:09:41,62.96923
1742576982,17:09:42,80
1742576983,17:09:43,72.175
1742576984,17:09:44,73.35
1742576985,17:09:45,73.875
1742576986,17:09:46,72.25
1742576987,17:09:48,76.625
1742576988,17:09:49,66.94
1742576990,17:09:50,68.82
1742576991,17:09:51,69
1742576992,17:09:52,72.85
1742576993,17:09:53,78.5
1742576994,17:09:54,74.925
1742576995,17:09:55,75.375
1742576996,17:09:56,71.4
1742576997,17:09:57,77.3
1742576998,17:09:59,76.5
1742576999,17:10:00,79.7
1742577000,17:10:01,73.175
1742577001,17:10:02,79.225
1742577002,17:10:03,80
1742577003,17:10:04,77.425
1742577004,17:10:05,70.25
1742577005,17:10:06,71.7
1742577007,17:10:07,72.5
1742577008,17:10:08,80
1742577009,17:10:09,79.05
1742577010,17:10:10,76.9
1742577011,17:10:11,80
1742577012,17:10:12,80
1742577013,17:10:13,72.075
1742577014,17:10:14,64.47692
1742577015,17:10:15,70.525
1742577016,17:10:16,80
1742577017,17:10:17,80
1742577018,17:10:18,69.82
1742577019,17:10:19,80
